personid,age,tenure,wage,children,bedroom,commute,men,married,volunteer,high_educ,z_performance
3224,30.0,113.0,3.8248822999999996,0,0,40.0,1.0,0.0,0.0,0.0,
3906,33.0,96.0,2.7375467,1,1,180.0,0.0,1.0,1.0,0.0,0.08457301
4118,31.0,94.0,3.4603800000000002,1,0,180.0,0.0,1.0,0.0,1.0,
4122,30.0,94.0,4.096246,0,0,180.0,0.0,0.0,0.0,0.0,0.0004498826
4164,28.0,25.0,7.2532,0,1,65.0,0.0,1.0,1.0,1.0,
4252,29.0,94.0,4.0608325,0,0,140.0,0.0,0.0,0.0,1.0,
4448,35.0,92.0,4.269296,1,1,100.0,0.0,1.0,1.0,0.0,0.45590964
4942,27.0,82.0,5.2953954,0,1,160.0,0.0,1.0,1.0,0.0,0.9185098
4944,25.0,82.0,4.477011,0,1,180.0,0.0,0.0,0.0,1.0,
4992,25.0,82.0,3.8015377999999997,0,1,240.0,0.0,0.0,1.0,0.0,
5018,29.0,82.0,1.3875899,1,1,240.0,0.0,1.0,1.0,0.0,-0.3774435
5560,29.0,79.0,4.420188,1,1,50.0,1.0,1.0,0.0,1.0,0.91354454
5606,26.0,79.0,3.0919712,0,0,120.0,0.0,0.0,0.0,0.0,
5614,32.0,79.0,3.8260087999999994,0,1,80.0,1.0,1.0,0.0,0.0,0.3699803
5742,26.0,78.0,6.733743,0,1,60.0,0.0,1.0,0.0,0.0,
5784,31.0,78.0,2.9404178,0,1,160.0,0.0,0.0,0.0,1.0,-1.8467852999999999
5906,23.0,78.0,4.593881,1,1,180.0,0.0,1.0,1.0,0.0,
5930,23.0,78.0,4.410223,0,0,50.0,0.0,0.0,0.0,0.0,
6162,31.0,77.0,3.8107321000000014,0,1,120.0,0.0,0.0,0.0,0.0,0.5602625
6278,32.0,77.0,2.918789,1,1,170.0,0.0,1.0,1.0,1.0,-0.04005283
6284,23.0,77.0,3.990891200000001,0,0,60.0,0.0,0.0,1.0,1.0,
6300,33.0,76.0,3.3604422,0,1,80.0,1.0,0.0,0.0,1.0,0.29836714
6342,30.0,76.0,3.923372,1,1,120.0,0.0,1.0,0.0,0.0,-0.023077782
6344,27.0,76.0,4.516857,1,1,120.0,0.0,1.0,0.0,0.0,0.42475712
6362,29.0,82.0,4.8947080000000005,1,1,200.0,0.0,1.0,1.0,0.0,0.655319
6364,26.0,82.0,6.2207456,1,1,180.0,0.0,1.0,1.0,0.0,1.4090424
6856,31.0,73.0,2.121591,0,1,180.0,0.0,0.0,0.0,1.0,
6898,24.0,73.0,4.639574,0,0,120.0,1.0,0.0,0.0,0.0,
6904,23.0,73.0,3.744671,0,0,45.0,0.0,0.0,0.0,0.0,
6924,22.0,73.0,4.944528599999999,0,1,110.0,0.0,0.0,0.0,0.0,0.3257299
7056,27.0,72.0,5.06307,1,0,80.0,1.0,1.0,1.0,1.0,
7068,28.0,72.0,4.341824,0,1,40.0,0.0,1.0,1.0,1.0,0.27069876
7076,30.0,72.0,2.66415,1,1,120.0,0.0,1.0,1.0,1.0,0.0015328283999999999
7132,22.0,72.0,3.6314757000000006,0,1,50.0,0.0,0.0,0.0,0.0,-0.1943591
7184,27.0,71.0,4.2302675,0,1,120.0,0.0,1.0,0.0,0.0,1.5682608
7240,23.0,71.0,4.35887,0,0,40.0,0.0,0.0,0.0,1.0,
7324,27.0,71.0,4.6434964999999995,0,0,90.0,1.0,0.0,0.0,0.0,
7454,24.0,70.0,2.0513732,0,1,85.0,0.0,1.0,0.0,1.0,-0.22397614
7456,25.0,70.0,4.9626255,0,0,120.0,0.0,0.0,0.0,0.0,
7488,25.0,70.0,3.072209,0,1,240.0,0.0,0.0,0.0,0.0,0.45098305
7538,24.0,70.0,3.3498802000000003,0,0,120.0,0.0,0.0,0.0,1.0,
7660,25.0,70.0,3.4954400000000003,0,1,240.0,0.0,0.0,1.0,0.0,
7720,25.0,70.0,3.0483877999999995,0,1,180.0,0.0,0.0,1.0,1.0,-0.68709767
7820,28.0,70.0,3.5054532999999997,1,1,180.0,1.0,1.0,0.0,1.0,
7856,22.0,70.0,5.1482167,0,0,40.0,1.0,0.0,0.0,0.0,
7872,22.0,70.0,3.6174922,0,0,60.0,0.0,0.0,0.0,0.0,
7896,22.0,70.0,3.8224519999999997,0,0,60.0,0.0,0.0,0.0,0.0,
7978,29.0,69.0,4.3938274,1,1,180.0,0.0,1.0,1.0,1.0,
8440,24.0,67.0,1.5288833,0,1,80.0,0.0,0.0,0.0,0.0,
8522,30.0,66.0,4.192242,1,1,120.0,0.0,1.0,1.0,0.0,0.23950015
8830,22.0,66.0,5.8753214000000025,0,0,30.0,0.0,0.0,0.0,0.0,
8834,22.0,66.0,3.6427165999999995,0,0,60.0,0.0,0.0,1.0,0.0,0.32067874
8854,22.0,66.0,4.259261,0,1,60.0,0.0,0.0,0.0,0.0,0.6507793000000001
8858,23.0,25.0,4.3171253,0,1,90.0,0.0,0.0,0.0,1.0,-2.1024585
8980,25.0,65.0,1.9734234,0,1,120.0,0.0,0.0,1.0,0.0,-0.031765454
9070,23.0,66.0,4.0421543,0,1,60.0,0.0,0.0,0.0,1.0,0.8298088
9072,23.0,66.0,4.316552,0,0,40.0,0.0,0.0,0.0,0.0,
9086,22.0,66.0,3.2136621,0,0,100.0,0.0,0.0,1.0,0.0,
9106,23.0,25.0,3.6806667,0,1,20.0,0.0,0.0,0.0,1.0,-1.3841063
9426,23.0,68.0,3.2903333,0,1,30.0,0.0,0.0,1.0,0.0,
9432,22.0,65.0,4.927182,0,0,40.0,0.0,0.0,0.0,0.0,
9460,23.0,65.0,5.875642299999999,0,1,40.0,0.0,0.0,0.0,0.0,1.2603998
9666,26.0,64.0,2.7383602000000002,0,0,50.0,1.0,1.0,0.0,1.0,
9710,33.0,64.0,3.9029267,0,1,120.0,0.0,1.0,1.0,0.0,-0.7188639
9886,30.0,25.0,3.8439843999999996,0,1,80.0,0.0,0.0,0.0,1.0,
10024,26.0,63.0,3.3279943,1,1,230.0,0.0,1.0,0.0,1.0,0.3773637
10098,28.0,63.0,4.3152037000000005,1,1,180.0,0.0,1.0,1.0,1.0,0.07634852
10210,23.0,62.0,4.09018,0,0,60.0,0.0,0.0,1.0,0.0,
10226,22.0,62.0,3.3343222000000003,0,0,60.0,0.0,0.0,1.0,0.0,-0.25819916
10228,22.0,62.0,5.9146934,0,0,30.0,1.0,0.0,1.0,0.0,
10236,22.0,62.0,3.9678166,0,0,55.0,0.0,0.0,1.0,0.0,
10356,27.0,62.0,3.796718,0,1,60.0,1.0,0.0,0.0,1.0,0.2486563
10450,27.0,61.0,4.5207467,0,1,180.0,0.0,0.0,0.0,1.0,-1.1108552999999999
10794,32.0,60.0,4.169194,1,1,120.0,0.0,1.0,1.0,0.0,1.0376455
10822,26.0,60.0,2.99627,0,1,70.0,0.0,1.0,1.0,0.0,0.60906583
10868,30.0,60.0,1.4717622,1,1,130.0,0.0,1.0,0.0,0.0,-2.2348682999999996
11034,25.0,59.0,3.9688244,0,0,40.0,0.0,0.0,0.0,1.0,
11062,22.0,59.0,3.3237,0,0,40.0,0.0,0.0,1.0,0.0,
11128,28.0,59.0,3.9076154,0,1,40.0,0.0,1.0,0.0,1.0,
11212,32.0,59.0,3.6687167,0,0,180.0,0.0,0.0,0.0,0.0,
11238,23.0,59.0,3.4772835,0,0,80.0,1.0,0.0,1.0,1.0,
11314,25.0,59.0,3.74853,0,1,120.0,1.0,0.0,1.0,1.0,
11348,25.0,59.0,2.7525180000000002,1,1,120.0,0.0,1.0,1.0,0.0,-0.8450709999999999
11362,27.0,59.0,3.9455733,1,1,180.0,0.0,1.0,0.0,0.0,0.45027253
11386,26.0,59.0,3.5143432999999997,0,0,80.0,1.0,0.0,0.0,0.0,
11390,31.0,59.0,4.771545400000001,0,1,60.0,1.0,1.0,1.0,0.0,0.8765271000000001
11582,22.0,58.0,3.7154300000000013,0,1,50.0,0.0,0.0,0.0,0.0,-0.4194539000000001
11814,24.0,58.0,5.930838,0,1,50.0,0.0,0.0,0.0,0.0,0.99927545
11868,30.0,57.0,2.7679133,0,1,120.0,1.0,0.0,1.0,1.0,0.15984595
11870,28.0,57.0,3.38325,0,1,20.0,0.0,0.0,0.0,0.0,
11896,29.0,57.0,3.5289278,1,1,120.0,1.0,1.0,0.0,1.0,1.0814639
12150,33.0,57.0,2.9225345000000003,1,1,150.0,0.0,1.0,0.0,1.0,-0.08429478
12306,24.0,56.0,3.4949443,0,1,180.0,1.0,0.0,1.0,0.0,-0.8903129000000001
12350,29.0,56.0,4.3548565,1,1,180.0,1.0,1.0,0.0,0.0,0.9387156999999999
12426,30.0,56.0,2.8134468,0,1,60.0,0.0,1.0,1.0,1.0,-0.69657344
12806,23.0,55.0,2.390318,0,0,80.0,0.0,0.0,1.0,0.0,
12896,26.0,54.0,4.395289,0,1,150.0,0.0,1.0,1.0,1.0,0.34794605
12974,22.0,54.0,3.8363302000000004,0,1,20.0,0.0,0.0,0.0,0.0,0.046489317
13010,21.0,54.0,4.32598,0,0,70.0,0.0,0.0,1.0,0.0,
13054,25.0,54.0,3.4843545,0,0,120.0,0.0,0.0,0.0,1.0,
13056,28.0,54.0,2.136348,0,1,60.0,1.0,0.0,0.0,0.0,-1.8717821
13118,22.0,54.0,2.8010588,0,1,125.0,1.0,0.0,0.0,1.0,-0.6976118
13214,21.0,54.0,2.7348032000000004,0,0,120.0,0.0,0.0,0.0,0.0,
13222,21.0,54.0,4.109039,0,0,60.0,0.0,0.0,0.0,1.0,
13250,25.0,54.0,4.74861,0,1,60.0,0.0,0.0,1.0,1.0,
13346,21.0,53.0,4.626205400000001,0,0,40.0,0.0,0.0,1.0,1.0,
13484,25.0,53.0,2.7452157,0,1,90.0,0.0,0.0,0.0,1.0,-0.16431208
13486,23.0,53.0,2.3599699,0,1,10.0,1.0,0.0,0.0,0.0,-2.3465269
13530,29.0,53.0,2.9978867,0,1,100.0,1.0,0.0,1.0,0.0,-0.21110900000000002
13574,30.0,53.0,4.1970550000000015,1,1,190.0,1.0,1.0,1.0,1.0,1.4744812
13664,25.0,53.0,3.9619966,0,0,60.0,1.0,0.0,1.0,1.0,
13710,30.0,52.0,3.8624947,1,1,120.0,1.0,1.0,1.0,1.0,0.34256855
13812,25.0,36.0,3.3776224000000004,0,0,90.0,0.0,0.0,0.0,1.0,
13980,28.0,51.0,4.4680867,0,1,120.0,0.0,0.0,0.0,0.0,0.7973299
14048,28.0,51.0,3.6995213,1,1,180.0,0.0,1.0,1.0,0.0,0.59494865
14212,26.0,51.0,3.4582980000000005,0,1,120.0,1.0,0.0,1.0,1.0,
14220,28.0,51.0,2.7996411,1,1,240.0,1.0,1.0,1.0,0.0,0.859708
14266,26.0,51.0,3.0967278,0,1,60.0,0.0,1.0,0.0,0.0,0.1682355
14374,28.0,50.0,3.3623633,0,1,2.5,0.0,0.0,1.0,1.0,-0.050977934
14380,25.0,50.0,3.0946933999999997,0,0,130.0,0.0,1.0,1.0,1.0,
14382,26.0,50.0,5.1260633,1,1,190.0,0.0,1.0,1.0,1.0,0.66237736
14384,32.0,50.0,3.6653888,0,1,180.0,0.0,0.0,1.0,1.0,0.032493778
14522,29.0,50.0,3.402489,0,1,40.0,1.0,0.0,1.0,0.0,-0.96803975
14528,28.0,50.0,2.6626198,1,1,65.0,0.0,1.0,1.0,0.0,0.24274956
14532,26.0,50.0,2.9423811,0,1,120.0,0.0,0.0,1.0,0.0,0.25117934
14556,26.0,50.0,3.7961644999999997,1,1,120.0,0.0,1.0,1.0,1.0,1.0712498
14672,23.0,50.0,2.9062588,0,1,30.0,0.0,0.0,1.0,0.0,
14678,26.0,50.0,3.7973532999999997,0,1,60.0,1.0,1.0,1.0,1.0,-1.0820868000000001
14682,23.0,50.0,3.9770288000000003,0,1,80.0,1.0,0.0,0.0,0.0,-0.76727194
14704,25.0,50.0,4.0076942,0,0,50.0,0.0,0.0,0.0,1.0,
14724,24.0,50.0,5.95908,0,1,30.0,1.0,0.0,0.0,1.0,1.8759282
14734,25.0,50.0,5.2125,0,1,50.0,1.0,0.0,0.0,1.0,0.18580526
14804,29.0,25.0,3.6911023000000003,1,1,150.0,0.0,1.0,0.0,1.0,
14926,28.0,50.0,4.9257620000000015,0,1,20.0,1.0,0.0,0.0,1.0,0.967318
15098,25.0,49.0,4.404284,0,0,60.0,0.0,0.0,0.0,1.0,
15148,25.0,49.0,2.7831867000000003,0,1,36.0,0.0,0.0,1.0,1.0,
15294,25.0,49.0,3.7159467000000004,0,1,80.0,0.0,0.0,1.0,0.0,0.5713104999999999
15436,23.0,49.0,4.1681857,0,0,40.0,0.0,0.0,1.0,0.0,
15444,27.0,49.0,3.27178,0,1,120.0,0.0,1.0,1.0,1.0,0.088463545
15452,26.0,49.0,2.66299,0,1,30.0,1.0,0.0,0.0,1.0,-0.09878772
15704,27.0,48.0,2.8402689,0,1,150.0,0.0,1.0,0.0,0.0,-0.31261006
15732,25.0,48.0,1.0904566999999998,0,1,80.0,0.0,0.0,0.0,1.0,
15836,31.0,48.0,3.318231,0,0,30.0,1.0,0.0,1.0,1.0,
15862,26.0,48.0,3.8316633999999996,0,1,80.0,0.0,0.0,0.0,1.0,-1.200807
16104,28.0,44.5,3.7076747,0,1,120.0,1.0,1.0,0.0,0.0,-0.5474578
16334,30.0,47.0,3.4295022000000004,1,1,240.0,1.0,1.0,1.0,1.0,0.9178396000000001
16410,25.0,47.0,3.8790487999999996,0,0,30.0,1.0,0.0,0.0,1.0,
16422,29.0,47.0,2.2396276000000004,1,1,90.0,0.0,1.0,1.0,1.0,-0.7116084
16424,22.0,47.0,3.1301767999999996,0,1,180.0,0.0,0.0,1.0,0.0,0.050123475
16514,28.0,47.0,2.3920667,0,1,70.0,1.0,0.0,1.0,0.0,-0.23630759
16518,27.0,47.0,3.268999,0,1,180.0,1.0,0.0,0.0,0.0,1.2951542
16538,22.0,47.0,3.1119467999999997,0,0,180.0,1.0,0.0,0.0,0.0,
16564,30.0,47.0,3.0948277,0,1,30.0,1.0,0.0,1.0,0.0,
16594,29.0,47.0,3.6042978999999997,1,1,160.0,0.0,1.0,1.0,1.0,0.71361494
16596,34.0,47.0,4.7260346,1,1,40.0,1.0,1.0,1.0,1.0,1.1186299
16654,29.0,47.0,2.666011,1,1,90.0,0.0,1.0,0.0,0.0,-0.28463697
16806,28.0,46.0,2.4147966,1,1,120.0,1.0,1.0,0.0,1.0,-0.8337494000000001
16812,24.0,46.0,3.0640123,0,1,80.0,0.0,0.0,0.0,0.0,-0.31947276
16870,21.0,46.0,2.4054167,0,0,120.0,1.0,0.0,1.0,1.0,
17000,27.0,46.0,4.555443299999999,0,0,20.0,1.0,0.0,0.0,1.0,
17014,27.0,46.0,4.1354112999999995,0,1,120.0,1.0,0.0,0.0,1.0,0.10700614
17058,23.0,46.0,2.623,0,1,140.0,0.0,0.0,1.0,0.0,-0.9042780999999999
17160,27.0,46.0,3.3902433,1,1,180.0,1.0,1.0,1.0,1.0,0.46139476
17166,27.0,46.0,4.1173334000000015,0,1,180.0,0.0,0.0,0.0,0.0,0.0047287716999999995
17172,28.0,46.0,4.641931,0,1,240.0,0.0,0.0,1.0,1.0,0.40110619999999997
17178,25.0,46.0,3.7911956,0,0,40.0,0.0,0.0,0.0,0.0,
17180,24.0,46.0,3.174589,0,0,120.0,0.0,0.0,1.0,0.0,
17274,26.0,46.0,3.1348279,1,1,120.0,0.0,1.0,0.0,1.0,0.4577380999999999
17290,31.0,46.0,5.9103727,1,0,210.0,0.0,1.0,1.0,0.0,
17386,23.0,45.0,2.3342412,1,1,120.0,0.0,1.0,0.0,0.0,-0.97297597
17518,30.0,45.0,3.7134565999999998,1,1,190.0,0.0,1.0,1.0,0.0,
17524,25.0,45.0,2.5359511,0,0,80.0,0.0,0.0,1.0,0.0,
17572,23.0,45.0,4.003351,0,1,210.0,0.0,0.0,1.0,0.0,
17616,23.0,45.0,2.7490478,0,1,150.0,0.0,0.0,1.0,0.0,
17668,23.0,45.0,3.9913410000000002,0,1,40.0,0.0,0.0,0.0,0.0,-1.0365653000000001
17714,29.0,45.0,2.826089,1,1,40.0,0.0,1.0,0.0,1.0,-0.11233142
17722,24.0,45.0,4.1951800000000015,0,1,120.0,1.0,0.0,1.0,0.0,-1.0573406
17752,25.0,45.0,3.5489633,0,1,60.0,1.0,0.0,1.0,1.0,0.4628152
17800,27.0,45.0,3.5358,0,0,50.0,1.0,0.0,0.0,1.0,
17812,28.0,45.0,4.70516,1,1,150.0,1.0,1.0,0.0,0.0,-0.19020593
17906,27.0,45.0,2.5038145,0,1,210.0,0.0,1.0,0.0,1.0,-0.7814709
17908,27.0,45.0,3.1488588,1,1,105.0,1.0,1.0,0.0,1.0,-1.3649949
17918,29.0,47.5,2.3846402,1,0,80.0,0.0,1.0,0.0,1.0,
17926,25.0,45.0,4.0380645,0,1,20.0,0.0,0.0,0.0,1.0,0.39307117
18112,27.0,44.0,2.7862556,0,1,120.0,0.0,0.0,1.0,1.0,-0.06176748
18148,22.0,44.0,5.0304410000000015,0,0,40.0,0.0,0.0,0.0,0.0,
18222,26.0,44.0,2.257831,0,0,40.0,0.0,0.0,0.0,1.0,
18346,27.0,25.0,3.5644066,0,1,220.0,0.0,0.0,1.0,1.0,
18366,24.0,44.0,3.1403933,0,0,20.0,0.0,0.0,1.0,1.0,
18380,27.0,44.0,3.22542,0,1,90.0,1.0,1.0,1.0,1.0,
18454,25.0,44.0,3.775181,0,1,100.0,1.0,1.0,1.0,0.0,
18476,23.0,44.0,3.4859512,0,1,180.0,0.0,0.0,0.0,0.0,-0.39643878
18494,31.0,44.0,3.2129254,0,1,180.0,1.0,0.0,1.0,0.0,-0.5006782
18502,26.0,44.0,2.3131668999999997,0,1,210.0,1.0,1.0,1.0,0.0,-0.7298473000000001
18634,23.0,43.0,3.4158845,0,1,120.0,0.0,0.0,0.0,0.0,0.14837559
18650,25.0,43.0,3.3426322999999996,0,1,120.0,1.0,0.0,1.0,1.0,
18656,27.0,43.0,2.5086868,0,1,150.0,0.0,0.0,0.0,0.0,-0.85040075
18776,22.0,43.0,4.1839623,0,1,60.0,1.0,0.0,0.0,1.0,1.0395719
18786,27.0,43.0,2.2973602000000004,0,1,90.0,0.0,1.0,0.0,0.0,-0.3489831
19012,27.0,43.0,1.8491843999999997,1,1,90.0,0.0,1.0,0.0,0.0,-0.010320373
19018,23.0,43.0,4.16654,0,0,120.0,0.0,0.0,0.0,0.0,
19028,23.0,43.0,3.5295444,0,1,120.0,0.0,0.0,0.0,0.0,0.92267793
19136,21.0,42.0,3.5800178,0,0,35.0,0.0,0.0,0.0,0.0,
19140,23.0,42.0,3.1589513,0,1,30.0,0.0,0.0,0.0,1.0,-0.0267469
19142,21.0,42.0,3.5484089999999995,0,0,20.0,0.0,0.0,0.0,0.0,
19144,20.0,42.0,3.8351867,0,1,30.0,0.0,0.0,0.0,1.0,0.5226723
19146,21.0,42.0,3.3134155,0,1,80.0,0.0,0.0,0.0,0.0,0.64487404
19186,20.0,42.0,3.446391,0,1,90.0,0.0,0.0,1.0,0.0,
19260,22.0,42.0,2.7414956000000004,0,0,2.7,1.0,0.0,1.0,1.0,
19266,22.0,42.0,4.070942,0,1,65.0,1.0,0.0,0.0,0.0,0.79221594
19268,23.0,42.0,3.9852912000000003,0,0,100.0,1.0,0.0,0.0,1.0,
19296,25.0,42.0,3.8101943,0,0,105.0,1.0,1.0,0.0,0.0,
19344,26.0,42.0,3.9038167,0,0,160.0,0.0,0.0,1.0,1.0,
19470,25.0,42.0,3.5001233,0,1,60.0,0.0,0.0,0.0,1.0,0.011098285
19482,23.0,42.0,2.7133322,0,1,180.0,1.0,0.0,1.0,0.0,-0.07180492
19544,25.0,25.0,3.3879843000000003,0,0,90.0,0.0,0.0,1.0,1.0,
19558,26.0,25.0,3.7050955,0,1,40.0,0.0,0.0,1.0,1.0,
19576,23.0,42.0,3.4961178,0,1,70.0,1.0,0.0,1.0,1.0,
19684,22.0,41.0,2.7337523,0,1,180.0,0.0,0.0,1.0,1.0,-0.35024676
19712,21.0,41.0,3.0223567000000005,0,0,30.0,0.0,0.0,1.0,1.0,
20260,23.0,39.0,4.672197,0,0,40.0,0.0,0.0,1.0,1.0,
20356,24.0,39.0,3.134609,0,0,40.0,0.0,0.0,0.0,1.0,
20386,26.0,39.0,2.953568,0,1,70.0,0.0,1.0,0.0,1.0,0.43444785
20536,26.0,38.0,3.7286656000000002,0,1,60.0,0.0,0.0,1.0,1.0,
20568,23.0,38.0,3.8858354,0,0,30.0,0.0,0.0,0.0,0.0,
20708,21.0,38.0,3.0945213,0,0,60.0,1.0,0.0,0.0,0.0,
20790,25.0,38.0,4.056359,0,0,40.0,0.0,0.0,1.0,1.0,
20804,26.0,38.0,3.2056422,0,0,40.0,0.0,0.0,1.0,1.0,
20994,24.0,38.0,3.9896567000000003,0,1,180.0,1.0,0.0,1.0,1.0,
21014,24.0,25.0,3.7158667999999997,0,1,30.0,0.0,0.0,0.0,1.0,
21060,24.0,38.0,3.2551234,0,1,20.0,0.0,0.0,1.0,1.0,
21068,25.0,38.0,3.7650187000000006,0,1,60.0,0.0,0.0,0.0,1.0,1.1596433000000002
21126,25.0,38.0,2.4348132999999996,0,1,120.0,0.0,0.0,0.0,1.0,-0.5335373000000001
21138,25.0,38.0,2.763249,0,1,120.0,1.0,0.0,1.0,0.0,
21142,25.0,38.0,3.6631410000000004,0,1,130.0,0.0,1.0,0.0,1.0,-0.29963693
21286,25.0,37.0,2.6855145,0,0,30.0,1.0,0.0,1.0,0.0,
21312,24.0,25.0,3.2305488999999996,0,0,40.0,0.0,0.0,0.0,1.0,
21454,22.0,37.0,3.5118167000000002,0,0,120.0,1.0,0.0,0.0,1.0,
21472,24.0,37.0,2.5875034,0,1,70.0,0.0,0.0,0.0,1.0,0.38777176
21474,25.0,37.0,2.7566977,0,1,100.0,1.0,0.0,0.0,0.0,-0.26747805
21478,27.0,37.0,3.4119534,0,0,130.0,1.0,0.0,0.0,0.0,
21492,27.0,37.0,3.2355423,0,0,40.0,0.0,0.0,1.0,1.0,
21592,22.0,37.0,3.5140010999999998,0,0,30.0,0.0,0.0,0.0,0.0,
21604,24.0,37.0,3.0380278,0,1,200.0,0.0,0.0,1.0,0.0,-0.14736283
21610,20.0,37.0,3.487799,0,1,140.0,1.0,0.0,1.0,0.0,
21614,25.0,37.0,2.9098122,0,1,110.0,0.0,0.0,0.0,1.0,-0.28268334
21622,25.0,37.0,3.3491720000000003,0,1,30.0,0.0,1.0,0.0,0.0,0.082909234
21648,26.0,37.0,2.6443167,1,1,75.0,1.0,1.0,1.0,1.0,-0.57803303
21654,29.0,37.0,4.1014285,0,1,80.0,0.0,0.0,1.0,1.0,0.62046653
21670,28.0,25.0,3.2536354,0,1,90.0,0.0,0.0,1.0,1.0,
21696,25.0,37.0,4.9885720000000005,0,1,60.0,0.0,0.0,1.0,0.0,
21704,23.0,37.0,3.079479,0,0,50.0,0.0,0.0,0.0,1.0,
21710,30.0,37.0,2.61698,0,1,90.0,1.0,1.0,1.0,1.0,-0.46703142
21746,21.0,37.0,2.8369355,0,1,90.0,0.0,0.0,0.0,0.0,0.043703545
21990,26.0,36.0,2.62348,0,1,60.0,1.0,0.0,1.0,0.0,
21996,26.0,36.0,3.2235112,0,0,120.0,0.0,0.0,0.0,0.0,
22022,22.0,36.0,3.4560156,0,1,120.0,0.0,0.0,1.0,0.0,0.61049986
22080,24.0,36.0,3.571901,0,0,60.0,0.0,0.0,0.0,1.0,
22082,22.0,36.0,3.5133724,0,0,60.0,0.0,0.0,0.0,1.0,
22130,25.0,36.0,2.5165932,0,1,80.0,0.0,0.0,0.0,1.0,-0.86473614
22132,25.0,36.0,4.4988065000000015,0,1,20.0,0.0,0.0,1.0,1.0,
22136,21.0,36.0,3.0249943999999998,0,1,40.0,0.0,0.0,1.0,0.0,
22140,25.0,36.0,3.8671577000000004,0,1,40.0,0.0,1.0,0.0,1.0,-1.1721945
22190,22.0,36.0,3.3493822,0,0,60.0,0.0,0.0,0.0,0.0,
22218,21.0,36.0,3.4206634,0,1,30.0,0.0,0.0,1.0,0.0,
22230,20.0,36.0,3.1743487999999997,0,0,30.0,0.0,0.0,0.0,0.0,
22260,22.0,36.0,2.6297542999999997,0,0,20.0,0.0,0.0,1.0,0.0,
22266,21.0,36.0,3.9789943999999995,0,0,60.0,0.0,0.0,1.0,0.0,
22284,21.0,36.0,3.4786634,1,1,45.0,0.0,1.0,1.0,0.0,0.62982976
22290,26.0,36.0,2.72949,1,1,80.0,1.0,1.0,0.0,0.0,-0.39368215
22318,22.0,36.0,3.1374056,0,0,50.0,0.0,0.0,0.0,0.0,
22324,21.0,36.0,3.5810654000000004,0,0,60.0,0.0,0.0,1.0,0.0,
22336,21.0,36.0,4.0701566,0,0,25.0,0.0,0.0,0.0,0.0,
22340,20.0,36.0,2.880732,0,0,45.0,0.0,0.0,0.0,0.0,
22426,22.0,36.0,3.0261009999999997,0,1,50.0,0.0,0.0,1.0,0.0,
22428,21.0,36.0,2.5083845,0,0,60.0,0.0,0.0,0.0,1.0,
22456,21.0,36.0,3.5803354,0,1,60.0,0.0,0.0,0.0,0.0,0.34570426
22500,21.0,36.0,3.3975410000000004,0,0,60.0,0.0,0.0,0.0,0.0,
22706,26.0,36.0,3.260831,0,1,60.0,0.0,1.0,0.0,1.0,0.44474384
22720,22.0,36.0,3.6249466,0,0,90.0,0.0,0.0,0.0,0.0,
22864,21.0,35.0,2.5618279999999998,0,0,40.0,0.0,0.0,1.0,0.0,
22878,27.0,35.0,2.5484579,0,1,120.0,0.0,0.0,0.0,1.0,-0.46901467
22888,28.0,35.0,2.702172,0,1,180.0,1.0,0.0,0.0,0.0,-0.16878617
23046,22.0,35.0,2.7214289000000003,0,0,40.0,0.0,0.0,1.0,0.0,
23050,21.0,35.0,3.1027713,0,0,40.0,0.0,0.0,0.0,0.0,
23066,27.0,35.0,3.0804055,0,1,90.0,0.0,1.0,0.0,0.0,-0.05811492400000001
23084,21.0,35.0,2.8742557,0,0,60.0,0.0,0.0,1.0,0.0,
23088,20.0,35.0,3.7588732000000014,0,0,30.0,0.0,0.0,1.0,0.0,
23096,21.0,35.0,3.1757178,0,0,35.0,0.0,0.0,0.0,0.0,
23126,23.0,35.0,4.254279599999999,0,1,95.0,0.0,0.0,0.0,1.0,1.1817473
23136,22.0,35.0,3.1753633,0,1,60.0,1.0,0.0,0.0,0.0,0.12801115
23150,23.0,35.0,3.4969122,0,0,40.0,0.0,0.0,0.0,1.0,
23172,20.0,34.0,2.76301,0,0,45.0,0.0,0.0,0.0,0.0,
23228,23.0,35.0,3.9816256,0,1,40.0,0.0,1.0,1.0,1.0,0.8753934999999999
23374,23.0,35.0,3.4031123999999995,0,0,20.0,0.0,0.0,0.0,0.0,
23380,20.0,35.0,2.8368402,0,0,60.0,0.0,0.0,1.0,0.0,
23400,22.0,35.0,4.604995,0,0,30.0,0.0,0.0,0.0,0.0,
23410,21.0,35.0,3.5458078,0,1,40.0,0.0,0.0,1.0,0.0,
23438,20.0,35.0,4.3959155,0,0,40.0,1.0,0.0,1.0,0.0,
23480,24.0,35.0,2.9802465,0,0,30.0,0.0,0.0,0.0,1.0,
23516,24.0,35.0,3.3576355,0,1,60.0,0.0,0.0,0.0,1.0,-0.21368292
23604,23.0,35.0,5.4443502,0,0,150.0,1.0,0.0,1.0,0.0,
23622,25.0,35.0,4.130472,0,1,120.0,1.0,0.0,1.0,1.0,1.3078856
23676,21.0,35.0,3.16377,0,0,30.0,0.0,0.0,0.0,0.0,
23686,20.0,35.0,2.8571633999999997,0,1,180.0,1.0,0.0,0.0,0.0,-0.39887717
23742,21.0,35.0,2.5448833,0,1,240.0,1.0,0.0,1.0,0.0,-0.630301
23772,21.0,35.0,3.6291912,0,1,40.0,1.0,0.0,1.0,1.0,-0.40484375
23792,21.0,35.0,2.891548,0,0,130.0,1.0,0.0,0.0,0.0,
23928,21.0,34.0,2.9202135,0,1,40.0,0.0,0.0,1.0,0.0,
23934,20.0,34.0,3.4087012000000003,0,0,65.0,0.0,0.0,1.0,0.0,
23950,24.0,34.0,2.9984467,1,1,120.0,0.0,1.0,1.0,1.0,
23982,21.0,34.0,3.3095632000000004,0,0,50.0,0.0,0.0,0.0,0.0,
24066,26.0,34.0,3.663711,0,0,60.0,0.0,0.0,0.0,0.0,
24070,24.0,34.0,3.0301744999999998,0,0,60.0,0.0,0.0,1.0,1.0,
24076,24.0,34.0,3.8333432999999997,0,1,20.0,1.0,0.0,1.0,1.0,
24110,25.0,34.0,3.6679611000000003,0,1,20.0,0.0,0.0,1.0,1.0,
24142,29.0,34.0,4.9450345,0,1,180.0,0.0,0.0,1.0,0.0,1.1921102
24146,24.0,34.0,3.2050077999999997,0,1,150.0,1.0,0.0,1.0,0.0,-0.6667006999999999
24162,25.0,34.0,2.9205400000000004,0,0,60.0,0.0,0.0,0.0,1.0,
24322,23.0,34.0,3.5393790000000003,0,1,30.0,1.0,0.0,0.0,1.0,-1.4208546999999998
24324,23.0,34.0,2.5267766,0,1,35.0,1.0,0.0,0.0,1.0,-0.2764601
24328,24.0,34.0,3.0627234,0,1,40.0,0.0,0.0,0.0,0.0,0.32074082
24340,23.0,34.0,3.5642712,0,1,40.0,0.0,0.0,0.0,1.0,0.4481053
24530,25.0,34.0,4.3066864,0,0,33.0,0.0,0.0,0.0,1.0,
24598,24.0,34.0,4.4733825,0,0,30.0,1.0,0.0,0.0,1.0,
24606,21.0,34.0,4.645861,0,1,40.0,1.0,0.0,1.0,1.0,
24608,34.0,34.0,3.8289921000000002,1,1,20.0,0.0,1.0,1.0,0.0,-0.62254584
24828,21.0,33.0,2.7225854,0,0,25.0,0.0,0.0,0.0,0.0,
24968,20.0,33.0,3.1361432000000002,0,0,40.0,0.0,0.0,0.0,1.0,
25056,23.0,33.0,2.8689067,0,1,40.0,0.0,0.0,1.0,0.0,-0.27441040000000005
25072,23.0,33.0,2.9120088,0,0,20.0,1.0,0.0,1.0,1.0,
25074,21.0,33.0,3.7054734,0,1,30.0,0.0,0.0,0.0,0.0,0.35808685
25084,24.0,33.0,2.053121,0,1,90.0,1.0,0.0,0.0,1.0,-1.7056861
25086,24.0,33.0,1.9326589,0,1,80.0,0.0,0.0,0.0,0.0,
25094,25.0,33.0,3.0681798,0,1,140.0,0.0,0.0,0.0,1.0,-0.40017990000000003
25258,26.0,33.0,3.4368822999999997,0,1,120.0,1.0,0.0,1.0,0.0,-0.13678674
25326,27.0,32.0,3.0966346000000002,0,1,5.0,0.0,1.0,1.0,1.0,
25334,23.0,32.0,3.3170657,0,0,40.0,0.0,0.0,0.0,0.0,
25342,26.0,32.0,2.7874212000000003,0,0,180.0,0.0,0.0,0.0,1.0,
25520,24.0,32.0,3.6391968999999995,0,1,60.0,1.0,0.0,1.0,0.0,-0.76568514
25524,26.0,32.0,3.8020690000000004,0,0,20.0,1.0,0.0,1.0,1.0,
25526,29.0,32.0,4.240371,0,0,50.0,1.0,0.0,1.0,0.0,
25532,25.0,32.0,3.3970912,0,1,180.0,1.0,0.0,1.0,0.0,-0.44592518
25560,22.0,32.0,3.0283911,0,0,20.0,0.0,0.0,1.0,0.0,
25612,21.0,32.0,2.5250502,0,0,30.0,0.0,0.0,0.0,0.0,
25616,23.0,32.0,2.573849,0,1,30.0,1.0,0.0,0.0,1.0,
25618,25.0,32.0,4.0457160000000005,0,0,20.0,1.0,0.0,0.0,1.0,
25620,23.0,32.0,2.8754656,0,1,90.0,1.0,0.0,0.0,0.0,-0.56090474
25622,20.0,32.0,2.858485700000001,0,1,80.0,0.0,0.0,0.0,0.0,0.062071014
25628,24.0,32.0,3.0696712,0,1,120.0,0.0,0.0,1.0,0.0,0.70293033
25638,26.0,32.0,2.7953246,0,1,120.0,0.0,0.0,1.0,1.0,0.04445661
25700,27.0,32.0,3.1886568,0,1,30.0,1.0,0.0,1.0,1.0,-0.7591874
25826,20.0,31.0,3.2321477,0,0,30.0,0.0,0.0,1.0,0.0,
25830,19.0,31.0,3.6076546,0,0,30.0,0.0,0.0,0.0,1.0,
25864,20.0,31.0,4.3348713,0,1,40.0,0.0,0.0,1.0,1.0,0.5322725
25872,20.0,31.0,3.5170421999999997,0,0,35.0,0.0,0.0,0.0,0.0,
25876,20.0,31.0,4.339782,0,1,80.0,0.0,0.0,1.0,0.0,
25926,22.0,31.0,3.3110511,0,0,40.0,0.0,0.0,1.0,0.0,
25940,24.0,31.0,3.5226888999999995,0,1,100.0,0.0,1.0,1.0,0.0,0.5240536
25962,24.0,31.0,3.6365477999999993,1,1,80.0,1.0,1.0,1.0,1.0,-0.23957240000000002
25976,22.0,31.0,3.3095510000000004,1,0,40.0,0.0,1.0,1.0,0.0,
26144,24.0,31.0,5.0663656999999995,0,1,30.0,1.0,0.0,0.0,1.0,1.4911758
26198,22.0,31.0,3.2865422,0,0,30.0,0.0,0.0,1.0,1.0,
26200,20.0,31.0,3.2126354999999998,0,0,40.0,0.0,0.0,1.0,0.0,
26202,19.0,31.0,3.1471798,0,0,50.0,0.0,0.0,0.0,1.0,
26208,20.0,31.0,3.6915932000000002,0,0,40.0,0.0,0.0,0.0,1.0,
26226,19.0,31.0,3.1089356,0,0,60.0,0.0,0.0,0.0,1.0,
26236,20.0,31.0,2.888791,0,0,40.0,0.0,0.0,0.0,1.0,
26238,20.0,31.0,3.6731388999999997,0,0,30.0,0.0,0.0,0.0,0.0,
26242,20.0,31.0,3.197969,0,0,35.0,0.0,0.0,0.0,1.0,
26248,20.0,31.0,3.7751455000000003,0,0,40.0,0.0,0.0,0.0,0.0,
26262,20.0,31.0,4.4634914000000006,0,0,30.0,0.0,0.0,0.0,0.0,
26270,22.0,31.0,3.2465154999999997,0,0,36.0,0.0,0.0,1.0,1.0,
26278,20.0,31.0,2.9617057,0,0,40.0,0.0,0.0,0.0,0.0,
26284,20.0,31.0,3.1350700000000002,0,0,25.0,0.0,0.0,1.0,0.0,
26286,20.0,31.0,3.1599944,0,0,30.0,0.0,0.0,0.0,0.0,
26292,19.0,31.0,3.64215,0,0,40.0,0.0,0.0,0.0,0.0,
26328,22.0,31.0,3.6299655,0,0,30.0,1.0,0.0,1.0,0.0,-1.2317928
26352,20.0,31.0,2.8953265999999998,0,0,30.0,0.0,0.0,0.0,0.0,
26388,23.0,31.0,4.388003299999999,0,0,50.0,1.0,0.0,0.0,1.0,
26618,24.0,30.0,3.676339,0,1,40.0,1.0,0.0,1.0,0.0,-0.78081286
26634,26.0,30.0,2.804932,0,1,60.0,0.0,0.0,1.0,1.0,0.41352496
26896,22.0,30.0,4.9019080000000015,0,0,30.0,0.0,0.0,1.0,1.0,
26906,24.0,30.0,3.2975866999999996,0,1,40.0,0.0,0.0,1.0,0.0,0.009408871999999999
26934,24.0,30.0,3.4246302,0,1,120.0,0.0,0.0,0.0,1.0,0.3413272
26944,24.0,30.0,3.3517056000000003,0,0,60.0,0.0,0.0,0.0,1.0,
26948,23.0,30.0,3.2843080000000002,0,0,12.0,1.0,0.0,0.0,1.0,
26956,23.0,30.0,3.4564812000000007,0,0,120.0,0.0,0.0,0.0,0.0,
26982,24.0,30.0,2.9843311000000003,0,0,40.0,0.0,0.0,0.0,1.0,
27044,23.0,30.0,2.832439,0,0,30.0,0.0,0.0,0.0,1.0,
27076,24.0,30.0,3.877239,0,0,35.0,0.0,0.0,1.0,1.0,
27180,23.0,29.0,3.6185167000000003,0,1,80.0,0.0,1.0,0.0,1.0,0.79352915
27232,25.0,29.0,3.0338612,0,0,100.0,0.0,0.0,1.0,1.0,
27234,24.0,29.0,3.5235732000000004,0,1,60.0,1.0,0.0,0.0,1.0,1.1949934
27336,21.0,29.0,3.0230488999999996,0,0,50.0,0.0,0.0,1.0,1.0,
27344,27.0,29.0,3.0930235,0,0,40.0,0.0,0.0,1.0,1.0,
27364,24.0,29.0,3.4228322999999996,0,0,60.0,0.0,0.0,1.0,1.0,
27382,24.0,29.0,2.719209,0,0,40.0,0.0,0.0,1.0,1.0,
27540,27.0,29.0,3.0060412999999997,0,1,90.0,0.0,0.0,0.0,0.0,-1.50455
27544,23.0,29.0,4.0312033,0,0,80.0,0.0,0.0,1.0,1.0,
27704,26.0,28.0,2.6993911,0,1,30.0,0.0,0.0,1.0,1.0,0.42826033
27726,24.0,28.0,3.4146900000000002,0,0,40.0,0.0,0.0,1.0,1.0,
27762,24.0,28.0,3.0689319999999998,0,0,30.0,0.0,0.0,0.0,1.0,
27764,25.0,28.0,3.1251032000000003,0,0,40.0,0.0,0.0,1.0,1.0,
27772,24.0,28.0,3.3379233,0,1,100.0,0.0,0.0,0.0,1.0,-0.24208914
27824,25.0,28.0,2.4968133,0,0,60.0,0.0,0.0,0.0,1.0,
27844,25.0,28.0,4.15496,0,1,30.0,0.0,0.0,0.0,1.0,-1.1490373999999999
27882,20.0,28.0,3.2835288,0,0,40.0,1.0,0.0,0.0,0.0,
27916,21.0,28.0,3.397579,0,0,30.0,0.0,0.0,1.0,0.0,
27924,24.0,28.0,3.6947864999999998,0,0,60.0,1.0,0.0,0.0,0.0,
28162,25.0,27.0,2.8748934,0,1,20.0,0.0,1.0,1.0,1.0,
28164,22.0,27.0,3.4205945,0,0,50.0,0.0,0.0,1.0,1.0,
28190,25.0,27.0,2.9674811,0,1,60.0,0.0,0.0,1.0,0.0,0.08554956
28202,23.0,27.0,3.9591123999999995,0,0,40.0,0.0,0.0,1.0,1.0,
28204,22.0,27.0,2.4714944,0,1,180.0,1.0,0.0,0.0,0.0,0.44121015
28224,27.0,27.0,3.12927,1,1,30.0,1.0,1.0,1.0,0.0,0.10593522
28226,23.0,27.0,2.3416897999999997,0,1,120.0,1.0,0.0,1.0,0.0,-0.9718298000000001
28400,23.0,27.0,3.3169989999999996,0,0,50.0,0.0,0.0,0.0,1.0,
28402,23.0,27.0,3.5548458,0,1,20.0,1.0,0.0,1.0,1.0,
28470,24.0,27.0,3.0680244,0,1,60.0,1.0,0.0,1.0,1.0,-0.55329293
28484,23.0,27.0,2.09901,1,1,120.0,0.0,1.0,1.0,0.0,0.12908998
28492,24.0,27.0,4.226693,0,1,40.0,0.0,0.0,1.0,1.0,-0.92371774
28528,27.0,27.0,4.663762,1,1,30.0,0.0,1.0,0.0,1.0,0.8155836
28552,20.0,27.0,3.9057133,0,0,35.0,1.0,0.0,1.0,1.0,
28554,19.0,27.0,3.3641467000000005,0,0,35.0,0.0,0.0,1.0,0.0,
28556,24.0,27.0,3.2176633,0,0,120.0,1.0,0.0,0.0,0.0,
28560,20.0,27.0,2.999709,0,1,160.0,0.0,0.0,1.0,1.0,0.10675242
28572,21.0,27.0,3.8881876,0,0,24.0,0.0,0.0,0.0,0.0,
28646,22.0,26.0,3.2593431,0,0,30.0,0.0,0.0,1.0,1.0,
28656,23.0,26.0,2.2167034,0,1,120.0,0.0,1.0,0.0,0.0,-0.5951643
28666,23.0,26.0,2.5683868,0,0,40.0,0.0,0.0,0.0,1.0,
28676,23.0,26.0,3.1139877,0,0,20.0,1.0,0.0,1.0,1.0,
28700,22.0,26.0,2.9848545,0,1,20.0,0.0,0.0,1.0,1.0,
28756,23.0,26.0,3.36855,0,0,40.0,0.0,0.0,0.0,1.0,
28786,25.0,26.0,3.2803476000000003,0,0,30.0,1.0,0.0,0.0,1.0,
28796,24.0,26.0,4.440214,0,0,40.0,1.0,0.0,0.0,0.0,
28802,24.0,26.0,3.8384387,0,0,35.0,1.0,0.0,0.0,1.0,
28950,22.0,26.0,4.069307,0,0,30.0,0.0,0.0,0.0,0.0,
28956,21.0,26.0,2.7902412,0,0,30.0,0.0,0.0,1.0,0.0,
28990,20.0,26.0,4.2553997,0,0,40.0,0.0,0.0,1.0,0.0,
29010,22.0,26.0,2.4783833,0,0,120.0,0.0,1.0,0.0,0.0,
29012,20.0,26.0,1.2744288000000001,0,1,40.0,0.0,0.0,0.0,0.0,-0.6024516
29014,21.0,26.0,2.9242265,0,0,60.0,0.0,0.0,0.0,1.0,
29024,26.0,26.0,2.5902634,0,1,160.0,1.0,0.0,1.0,0.0,-0.7358923
29030,28.0,26.0,2.4293522999999997,0,1,180.0,1.0,0.0,0.0,0.0,0.122478336
29032,23.0,26.0,2.6952755,0,1,120.0,1.0,0.0,1.0,0.0,-0.3898447
29172,26.0,26.0,2.8963332000000004,0,1,180.0,1.0,0.0,1.0,1.0,0.634947
29192,29.0,26.0,3.8379033,0,1,120.0,1.0,0.0,0.0,1.0,0.6964613000000001
29216,26.0,26.0,2.9735067,0,1,50.0,1.0,0.0,1.0,1.0,0.40302350000000003
29218,24.0,26.0,3.4329321000000004,0,1,30.0,0.0,0.0,0.0,1.0,0.6494273
29226,24.0,26.0,3.546579,0,0,30.0,0.0,0.0,0.0,1.0,
29230,24.0,26.0,3.4854589,0,1,70.0,0.0,0.0,0.0,1.0,0.5496255
29232,22.0,26.0,3.6738087999999998,0,0,60.0,0.0,0.0,0.0,0.0,
29234,21.0,26.0,2.6662687999999997,0,0,40.0,0.0,0.0,0.0,1.0,
29240,25.0,26.0,2.5492635,0,1,170.0,1.0,0.0,0.0,1.0,-0.33761114
29248,27.0,26.0,2.7496324,1,1,40.0,1.0,1.0,1.0,0.0,-0.8149526999999999
29250,23.0,26.0,3.3382566,0,0,104.0,0.0,0.0,1.0,1.0,
29254,23.0,26.0,2.983391,0,0,50.0,0.0,0.0,1.0,1.0,
29256,24.0,26.0,3.003039,0,0,60.0,0.0,0.0,1.0,1.0,
29550,21.0,26.0,2.376902,0,0,30.0,0.0,0.0,0.0,0.0,
29558,25.0,26.0,3.9397457,0,1,80.0,1.0,1.0,0.0,0.0,0.7892905
29564,22.0,26.0,3.268261,0,0,80.0,0.0,0.0,0.0,1.0,
29594,23.0,26.0,3.6993777999999997,0,1,120.0,0.0,0.0,0.0,1.0,0.7189453
29622,22.0,26.0,3.0297509999999996,0,0,40.0,0.0,0.0,0.0,1.0,
29626,23.0,26.0,3.5540123,0,1,40.0,1.0,0.0,0.0,1.0,-0.92321765
29734,21.0,25.0,4.4828634,0,0,30.0,0.0,0.0,1.0,1.0,
29746,23.0,25.0,2.9760732999999995,0,1,40.0,0.0,0.0,0.0,1.0,0.68258446
29750,22.0,25.0,2.71622,0,1,40.0,0.0,0.0,0.0,1.0,0.099884346
29770,24.0,25.0,4.326475599999998,0,1,35.0,0.0,0.0,0.0,1.0,0.20676316
29790,22.0,25.0,2.5431232,0,1,120.0,0.0,0.0,0.0,0.0,0.12976371
29808,25.0,25.0,3.0939734,1,1,32.0,1.0,1.0,1.0,1.0,-0.8698999
29838,26.0,25.0,3.9435601000000013,1,1,60.0,1.0,1.0,0.0,1.0,-0.5560031999999999
29964,26.0,25.0,2.4840245,1,1,160.0,0.0,1.0,0.0,1.0,0.14262056
29996,23.0,25.0,3.3534834000000004,0,1,60.0,1.0,1.0,1.0,0.0,-0.26659715
30002,26.0,25.0,3.3996856,0,1,200.0,1.0,0.0,1.0,1.0,-0.34666067
30006,24.0,25.0,3.2888489,0,1,60.0,0.0,0.0,1.0,0.0,-0.22568052
30014,30.0,25.0,4.3416367,0,1,50.0,1.0,0.0,1.0,0.0,0.16178729
30092,21.0,25.0,3.4670388999999995,0,0,60.0,0.0,0.0,0.0,1.0,
30206,23.0,25.0,3.0371256,0,1,30.0,1.0,0.0,1.0,1.0,
30214,26.0,25.0,2.7474189,0,1,40.0,0.0,1.0,1.0,1.0,
30216,25.0,25.0,3.018311,0,1,30.0,1.0,1.0,1.0,1.0,
30220,22.0,25.0,3.3741032999999994,0,1,24.0,0.0,0.0,1.0,1.0,
30234,24.0,25.0,3.0052035,0,0,27.0,0.0,0.0,0.0,1.0,
30240,23.0,25.0,2.6656590000000002,0,0,60.0,0.0,0.0,0.0,1.0,
30244,22.0,25.0,2.7403345,0,0,20.0,0.0,0.0,0.0,1.0,
30262,25.0,25.0,3.521721,0,1,40.0,1.0,0.0,0.0,1.0,0.6078553000000001
30276,21.0,25.0,3.1930234,0,1,120.0,1.0,0.0,0.0,0.0,-0.40326834
30308,21.0,25.0,3.7130811,0,0,50.0,0.0,0.0,1.0,1.0,0.8232656999999999
30366,22.0,25.0,2.8957764999999998,0,0,30.0,0.0,0.0,0.0,0.0,
30378,21.0,25.0,2.47425,0,0,40.0,0.0,0.0,0.0,1.0,
30392,22.0,25.0,2.8980632,0,0,60.0,0.0,0.0,0.0,1.0,
30398,26.0,25.0,2.4336476,0,1,30.0,1.0,0.0,0.0,0.0,-0.54805017
30410,23.0,25.0,2.84382,0,0,60.0,0.0,0.0,0.0,1.0,
30436,23.0,25.0,2.6997821,0,0,120.0,0.0,0.0,0.0,1.0,
30440,23.0,25.0,4.0129824,0,0,40.0,1.0,0.0,0.0,1.0,
30448,23.0,25.0,3.5930345,0,1,60.0,1.0,0.0,1.0,1.0,-0.45293245
30460,25.0,25.0,3.270689,0,0,40.0,0.0,0.0,1.0,0.0,
30470,22.0,25.0,2.7839834999999997,0,0,60.0,0.0,0.0,0.0,0.0,
30634,23.0,25.0,3.2355044,0,1,30.0,1.0,0.0,0.0,1.0,0.38734695
30858,26.0,25.0,3.7772722,0,1,30.0,0.0,0.0,1.0,1.0,
30972,27.0,24.0,2.8467743,0,1,120.0,1.0,0.0,1.0,0.0,-0.6790611999999999
30998,23.0,24.0,3.0234520000000003,0,1,130.0,1.0,0.0,0.0,0.0,-0.09934347
31014,24.0,20.0,1.935,0,0,120.0,0.0,0.0,1.0,0.0,
31114,28.0,24.0,2.56603,0,1,90.0,0.0,0.0,0.0,1.0,
31136,23.0,24.0,2.6250567000000005,0,1,140.0,1.0,0.0,1.0,0.0,-0.10442953599999999
31150,23.0,24.0,2.5736222,0,1,60.0,0.0,0.0,1.0,1.0,0.09572846
31206,22.0,24.0,2.49878,0,1,180.0,1.0,0.0,0.0,1.0,-0.20423296
31230,24.0,24.0,2.9393754,0,1,200.0,0.0,1.0,1.0,0.0,0.15558065
31238,25.0,24.0,2.858271,0,0,60.0,0.0,0.0,1.0,0.0,
31292,27.0,24.0,3.6276512000000003,0,1,135.0,0.0,0.0,0.0,1.0,0.7668246
31436,20.0,24.0,2.6830222999999997,0,0,40.0,1.0,0.0,1.0,0.0,
31796,24.0,24.0,3.8672733,0,1,120.0,0.0,1.0,1.0,0.0,0.83750254
31886,24.0,23.0,2.76421,0,0,20.0,0.0,0.0,1.0,1.0,
31888,27.0,23.0,3.2496389999999997,1,1,180.0,0.0,1.0,1.0,0.0,0.9744558000000001
31894,25.0,23.0,2.6331034,0,1,60.0,0.0,0.0,1.0,1.0,
31922,26.0,23.0,2.7839034,0,1,35.0,0.0,0.0,0.0,1.0,0.3364547
31936,25.0,23.0,2.4034512,0,1,75.0,1.0,0.0,1.0,0.0,-0.28226873
32004,22.0,23.0,3.5377699999999996,0,0,80.0,0.0,0.0,0.0,0.0,
32320,22.0,23.0,4.578473000000002,0,1,60.0,0.0,0.0,1.0,0.0,0.33135656
32590,28.0,23.0,2.6732466,0,1,100.0,1.0,0.0,1.0,0.0,-0.59988534
32722,22.0,23.0,2.6374743,0,1,80.0,0.0,0.0,1.0,0.0,
32728,19.0,23.0,2.8803452999999997,0,0,30.0,0.0,0.0,0.0,0.0,
32804,23.0,23.0,2.4055622000000003,0,1,75.0,1.0,0.0,1.0,1.0,-0.22034740000000005
33094,23.0,22.0,3.1238843999999997,0,1,45.0,1.0,0.0,0.0,1.0,-1.2482141000000002
33128,21.0,22.0,3.738581,0,1,80.0,1.0,0.0,1.0,1.0,-0.25125660000000005
33136,23.0,25.0,3.5382211000000003,0,0,35.0,0.0,0.0,1.0,1.0,
33278,20.0,22.0,2.275409,0,1,180.0,0.0,0.0,1.0,0.0,-0.31524240000000003
33350,26.0,22.0,2.891018,0,1,120.0,1.0,0.0,1.0,1.0,-0.9045216999999999
33352,20.0,22.0,1.8107578000000002,0,1,120.0,1.0,0.0,0.0,0.0,-1.4336708999999999
33354,21.0,22.0,2.702929,0,1,135.0,0.0,0.0,1.0,0.0,0.37143752
33366,25.0,22.0,3.2333767000000004,0,1,40.0,1.0,0.0,0.0,1.0,0.404652
33406,28.0,22.0,2.5894167,0,1,60.0,0.0,0.0,0.0,0.0,-0.09234559
33410,25.0,22.0,2.6481922000000004,1,1,14.0,1.0,1.0,0.0,0.0,-0.14113751
33634,22.0,22.0,4.146771,0,1,60.0,0.0,0.0,1.0,0.0,
33664,19.0,22.0,3.6367931000000002,0,0,60.0,0.0,0.0,1.0,0.0,
33874,22.0,22.0,2.8625379,0,1,24.0,0.0,0.0,0.0,0.0,-0.11658895
33982,22.0,22.0,3.7792343999999995,0,0,20.0,1.0,0.0,1.0,0.0,
34110,29.0,22.0,2.57702,1,1,50.0,1.0,1.0,1.0,0.0,
34396,24.0,21.0,3.7040522000000013,0,1,40.0,0.0,0.0,0.0,1.0,-1.4470108999999998
34526,27.0,21.0,2.3073802000000003,1,1,180.0,0.0,1.0,0.0,0.0,-0.42651108
34542,21.0,21.0,3.2561066000000003,0,0,30.0,0.0,0.0,0.0,0.0,
34890,24.0,21.0,2.2445667,0,1,200.0,1.0,0.0,1.0,0.0,-0.5882044
34956,23.0,21.0,2.1504068,0,1,16.0,0.0,0.0,0.0,1.0,-0.56146455
35006,23.0,21.0,2.41485,0,1,10.0,1.0,1.0,0.0,1.0,-0.075300135
35144,20.0,25.0,3.5906288999999996,0,0,60.0,0.0,0.0,1.0,1.0,
35344,22.0,20.0,2.8727365000000002,0,1,60.0,0.0,0.0,1.0,0.0,0.43649644
35408,27.0,20.0,3.5163387999999998,1,1,180.0,1.0,1.0,1.0,1.0,0.4941864
35760,24.0,20.0,3.7003267,0,1,2.6,1.0,1.0,0.0,0.0,-0.8127581
35822,27.0,20.0,3.5905633000000003,0,1,120.0,1.0,0.0,1.0,0.0,-0.7184387
36032,22.0,19.0,2.375729,0,1,120.0,1.0,0.0,1.0,0.0,-0.05893892
36060,24.0,19.0,2.2917278,0,1,35.0,0.0,0.0,0.0,1.0,-0.781795
36288,25.0,19.0,2.84852,0,1,30.0,1.0,0.0,1.0,1.0,0.41313937
36306,26.0,19.0,3.2344944,0,1,80.0,1.0,0.0,0.0,1.0,-0.6215265999999999
36314,23.0,19.0,2.7280767000000004,0,1,75.0,1.0,0.0,1.0,0.0,0.51428294
36318,26.0,19.0,3.2498155,0,1,120.0,0.0,0.0,0.0,1.0,1.2799393000000001
36494,23.0,18.0,2.1946733,0,1,40.0,0.0,0.0,0.0,1.0,-0.71516055
36528,28.0,18.0,2.1318212000000005,1,1,140.0,1.0,1.0,0.0,0.0,
36676,21.0,18.0,2.6353345,0,0,135.0,0.0,0.0,0.0,0.0,
36908,23.0,15.0,2.7428231,0,1,60.0,1.0,0.0,0.0,0.0,0.36568537
37276,22.0,13.0,3.096649,0,1,90.0,0.0,0.0,1.0,1.0,0.0036612529999999997
37292,21.0,13.0,2.5126977000000004,0,1,180.0,0.0,0.0,0.0,0.0,0.014250415
37294,20.0,13.0,2.2425222000000002,0,1,80.0,0.0,0.0,1.0,0.0,-0.03769717
37296,29.0,13.0,2.5851912,0,1,80.0,1.0,0.0,1.0,1.0,-0.1201145
37350,22.0,13.0,2.8080456000000003,0,0,90.0,0.0,0.0,1.0,0.0,
37358,23.0,13.0,1.9356611000000001,0,1,60.0,1.0,0.0,0.0,0.0,-0.5992771
37588,23.0,12.0,2.7753832000000003,0,0,90.0,0.0,0.0,0.0,0.0,
37618,23.0,12.0,2.6357242999999997,0,0,50.0,0.0,0.0,0.0,1.0,
37784,19.0,12.0,2.465909,0,1,105.0,0.0,0.0,1.0,0.0,0.37780115
37790,23.0,12.0,2.368008,0,0,50.0,1.0,0.0,0.0,0.0,
37796,22.0,12.0,2.1919377,0,0,30.0,0.0,0.0,1.0,1.0,
37798,21.0,12.0,4.0997667,0,1,20.0,1.0,0.0,1.0,1.0,-0.047367482999999995
37800,21.0,12.0,2.51531,0,0,30.0,0.0,0.0,0.0,1.0,
37804,21.0,12.0,2.4997599999999998,0,1,120.0,0.0,0.0,1.0,0.0,-0.023898713
37808,19.0,12.0,2.885801,0,0,20.0,0.0,0.0,0.0,1.0,
37812,26.0,12.0,2.5612578,0,1,180.0,0.0,0.0,1.0,1.0,0.40975997
37824,19.0,12.0,2.6870990000000003,0,1,20.0,0.0,0.0,0.0,1.0,0.3488734000000001
37828,23.0,12.0,3.4578824,0,1,60.0,1.0,0.0,1.0,0.0,-0.37779152
37832,25.0,12.0,3.028671,0,0,50.0,0.0,0.0,0.0,1.0,
37834,19.0,12.0,3.0439133999999997,0,0,30.0,0.0,0.0,0.0,0.0,
37836,21.0,12.0,2.3035900000000002,0,0,210.0,0.0,0.0,1.0,0.0,
37840,18.0,12.0,1.9874599999999998,0,1,30.0,1.0,0.0,1.0,0.0,-0.20379853
38008,24.0,11.0,4.0597400000000015,0,1,180.0,1.0,0.0,1.0,0.0,
38010,22.0,11.0,2.8836322,0,0,2.0,0.0,0.0,0.0,1.0,
38018,25.0,78.0,2.4711423,0,1,120.0,0.0,0.0,1.0,0.0,0.12782851
38022,18.0,11.0,1.9928433999999997,0,1,20.0,0.0,0.0,1.0,0.0,-0.06589323
38024,25.0,11.0,2.6940652999999997,0,1,40.0,1.0,0.0,0.0,0.0,-0.16710941
38026,28.0,11.0,2.8192687000000003,0,0,120.0,0.0,0.0,0.0,1.0,
38028,21.0,11.0,4.081461,0,1,20.0,1.0,0.0,0.0,1.0,1.2408035
38030,27.0,11.0,2.204209,0,1,240.0,1.0,0.0,0.0,0.0,-0.38228357
38034,19.0,11.0,1.8545833999999999,0,1,40.0,1.0,0.0,0.0,0.0,-0.5166717000000001
38036,18.0,11.0,1.9276143000000001,0,1,120.0,1.0,0.0,1.0,0.0,-0.7972139
38038,35.0,11.0,3.7505789,1,1,50.0,1.0,1.0,1.0,1.0,-0.06268669
38040,22.0,11.0,2.4195065,0,1,120.0,0.0,1.0,1.0,0.0,0.15841934
38042,20.0,11.0,2.1565979,0,1,180.0,0.0,0.0,1.0,0.0,-0.49006405
38044,19.0,11.0,2.009211,0,0,165.0,1.0,0.0,0.0,0.0,
38046,21.0,11.0,2.523261,0,1,180.0,0.0,0.0,1.0,0.0,-0.37941298
38048,19.0,11.0,2.4725711,0,0,120.0,0.0,0.0,1.0,0.0,
38050,23.0,11.0,3.8327943999999996,0,0,200.0,1.0,0.0,1.0,0.0,
38052,18.0,11.0,2.0711598,0,1,90.0,0.0,0.0,1.0,0.0,0.05756535
38068,18.0,11.0,2.1992757000000003,0,0,160.0,1.0,0.0,0.0,0.0,
38070,18.0,11.0,2.1282834999999998,0,1,180.0,0.0,0.0,1.0,0.0,-0.17907135
38074,27.0,11.0,2.3509421,1,1,140.0,0.0,1.0,1.0,0.0,0.20807445
38076,23.0,11.0,3.7066898,0,1,60.0,1.0,0.0,0.0,0.0,-0.48474342
38078,18.0,11.0,2.1222112,0,1,120.0,1.0,0.0,1.0,0.0,
38274,21.0,11.0,2.527011,0,1,80.0,0.0,0.0,1.0,0.0,
38276,20.0,11.0,2.478949,0,0,25.0,0.0,0.0,1.0,1.0,
38290,21.0,11.0,2.2940667,0,1,20.0,0.0,0.0,1.0,1.0,-0.087636046
38300,20.0,11.0,2.8186612,0,0,35.0,0.0,0.0,1.0,0.0,
38302,22.0,11.0,2.4542255,0,0,30.0,0.0,0.0,0.0,0.0,
38320,20.0,11.0,2.593081,0,0,40.0,0.0,0.0,1.0,0.0,
38326,22.0,11.0,2.9208155,0,0,40.0,0.0,0.0,1.0,0.0,
38552,23.0,10.0,3.5765366999999997,0,1,30.0,1.0,0.0,1.0,0.0,-0.4631035
38566,22.0,10.0,2.6179056,0,1,300.0,0.0,1.0,1.0,1.0,0.22880225
38580,22.0,10.0,3.1737043999999996,0,1,150.0,0.0,0.0,0.0,1.0,0.82021827
38592,23.0,10.0,2.6633444,0,1,60.0,0.0,0.0,1.0,0.0,
38712,22.0,10.0,2.408632,0,1,60.0,0.0,0.0,1.0,0.0,0.10436351599999999
38714,21.0,10.0,2.7004857,0,0,45.0,0.0,0.0,1.0,0.0,
38716,23.0,10.0,2.5683677000000005,0,0,20.0,0.0,0.0,1.0,0.0,
38718,21.0,10.0,2.464209,0,0,40.0,0.0,0.0,0.0,1.0,
38726,21.0,10.0,2.6812810000000002,0,0,50.0,0.0,0.0,1.0,0.0,
38728,20.0,10.0,2.5049443,0,0,30.0,0.0,0.0,1.0,0.0,
38730,21.0,10.0,2.5032923,0,1,30.0,0.0,0.0,1.0,0.0,
38732,21.0,10.0,2.507771,0,0,40.0,0.0,0.0,0.0,1.0,
38736,22.0,10.0,2.5342189999999998,0,0,50.0,0.0,0.0,0.0,0.0,
38738,21.0,10.0,2.7872367000000002,0,0,50.0,0.0,0.0,1.0,0.0,
38742,21.0,10.0,2.5002377,0,1,60.0,0.0,0.0,1.0,1.0,
38760,20.0,10.0,2.6375744,0,0,40.0,0.0,0.0,0.0,0.0,
38762,21.0,10.0,2.976412,0,0,60.0,0.0,0.0,0.0,0.0,
38768,20.0,10.0,2.5964656,0,0,20.0,0.0,0.0,0.0,1.0,
38772,21.0,10.0,2.625809,0,0,30.0,0.0,0.0,1.0,1.0,
38836,21.0,10.0,2.4412133999999996,0,0,30.0,0.0,0.0,0.0,0.0,
38840,21.0,10.0,2.555459,0,0,30.0,0.0,0.0,0.0,0.0,
38842,19.0,10.0,2.0195176999999997,0,1,140.0,1.0,0.0,1.0,0.0,-0.21442062
38848,21.0,10.0,2.5965521000000003,0,0,35.0,0.0,0.0,0.0,0.0,
38850,21.0,10.0,2.7639146,0,0,30.0,0.0,0.0,0.0,0.0,
38854,24.0,10.0,2.4937277,0,0,24.0,0.0,0.0,0.0,0.0,
38862,19.0,10.0,2.0092523,0,1,20.0,0.0,0.0,1.0,0.0,-0.25767687
38868,22.0,10.0,2.5090065,0,1,93.0,1.0,0.0,0.0,1.0,0.1628156
38870,22.0,10.0,2.4790301,0,1,40.0,1.0,0.0,0.0,1.0,
38874,19.0,10.0,1.9677378,0,1,240.0,1.0,0.0,0.0,0.0,-0.35031548
38878,25.0,10.0,2.7521698,0,1,180.0,0.0,0.0,1.0,1.0,0.6349496
38888,19.0,10.0,2.2233967999999997,0,1,240.0,0.0,0.0,0.0,0.0,-0.046171515999999996
38892,21.0,10.0,2.4173367000000003,0,0,30.0,1.0,0.0,1.0,0.0,
38896,18.0,10.0,2.0856776000000004,0,1,20.0,0.0,0.0,0.0,0.0,-0.5301825
38898,22.0,10.0,2.329441,0,1,30.0,0.0,0.0,1.0,1.0,0.1211164
39048,22.0,10.0,2.6040044,0,1,50.0,1.0,0.0,0.0,0.0,0.22100209
39078,21.0,10.0,3.6236777,0,1,41.0,0.0,0.0,1.0,0.0,
39086,28.0,10.0,2.7991424,0,0,180.0,0.0,0.0,0.0,1.0,
39088,19.0,10.0,2.0711377,0,1,140.0,0.0,0.0,1.0,0.0,
39094,22.0,10.0,2.432162,0,1,60.0,1.0,0.0,0.0,1.0,-0.3321635
39096,25.0,10.0,2.4575953,0,1,200.0,1.0,0.0,1.0,0.0,0.23334491
39098,22.0,10.0,2.4851246,0,1,90.0,0.0,0.0,0.0,0.0,-0.003629988
39110,20.0,10.0,2.3530377999999996,0,0,24.0,0.0,0.0,1.0,0.0,
39112,18.0,10.0,2.1679168,0,1,120.0,0.0,0.0,0.0,1.0,
39114,20.0,10.0,2.3401009999999998,0,0,60.0,0.0,0.0,0.0,0.0,
39116,18.0,10.0,2.320839,0,1,90.0,0.0,0.0,0.0,1.0,0.3984399
39122,19.0,10.0,2.4148467,0,0,30.0,0.0,0.0,1.0,0.0,
39128,19.0,10.0,2.2685077000000002,0,0,40.0,0.0,0.0,1.0,0.0,
39136,18.0,10.0,2.141531,0,1,300.0,0.0,0.0,0.0,0.0,-0.4029835
39144,18.0,10.0,2.307771,0,1,135.0,0.0,0.0,1.0,0.0,0.20614433
39150,25.0,10.0,2.8164222000000003,0,0,30.0,0.0,0.0,1.0,0.0,
39158,19.0,10.0,2.1642709,0,1,60.0,0.0,0.0,1.0,0.0,
39162,18.0,10.0,2.03595,0,0,100.0,0.0,0.0,1.0,0.0,
39164,19.0,10.0,1.9574367,0,1,60.0,1.0,0.0,0.0,0.0,-0.21772946
39404,20.0,9.0,2.1452565,0,0,20.0,0.0,0.0,1.0,0.0,
39420,18.0,9.0,2.2929022,0,0,30.0,0.0,0.0,1.0,0.0,
39428,22.0,9.0,2.4581232,0,0,40.0,0.0,0.0,1.0,0.0,
39430,22.0,9.0,2.5638165,0,1,150.0,0.0,0.0,0.0,0.0,-0.023632925
39440,21.0,9.0,2.3147888,0,0,35.0,0.0,0.0,0.0,0.0,
39450,19.0,9.0,2.2553678,0,0,30.0,0.0,0.0,0.0,0.0,
39454,18.0,9.0,2.1452612999999996,0,0,40.0,0.0,0.0,0.0,0.0,
39456,18.0,9.0,2.175831,0,0,20.0,0.0,0.0,1.0,0.0,
39458,21.0,9.0,2.0327144,0,1,180.0,1.0,0.0,1.0,0.0,-0.31212568
39466,19.0,9.0,2.3777687999999997,0,1,90.0,0.0,0.0,1.0,0.0,-0.15133192
39472,19.0,9.0,2.0287876,0,1,40.0,0.0,0.0,1.0,0.0,
39474,20.0,9.0,2.31599,0,0,30.0,0.0,0.0,1.0,0.0,
39478,22.0,9.0,2.4869343999999995,0,1,140.0,0.0,0.0,1.0,0.0,0.15249737
39488,23.0,9.0,2.8869355,0,0,16.0,0.0,0.0,0.0,1.0,
39490,23.0,9.0,2.8580810000000003,0,1,80.0,1.0,0.0,0.0,0.0,0.5906688
39500,24.0,9.0,2.4607243999999997,0,1,110.0,1.0,0.0,0.0,1.0,-0.34726763
39502,19.0,9.0,2.1813597999999996,0,1,180.0,0.0,0.0,1.0,0.0,-0.35917324
39512,19.0,9.0,2.7819822,0,1,120.0,0.0,0.0,1.0,0.0,0.2523199
39516,23.0,9.0,2.7643232,0,1,90.0,0.0,0.0,0.0,1.0,0.39960328
39518,24.0,9.0,2.6246023,0,0,100.0,1.0,0.0,1.0,0.0,
39524,21.0,9.0,2.191599,0,1,20.0,1.0,0.0,0.0,1.0,-0.02763247
39526,21.0,9.0,2.5173832999999997,0,0,120.0,0.0,0.0,0.0,0.0,
39528,20.0,9.0,1.8804911,0,0,100.0,0.0,0.0,0.0,0.0,
39530,21.0,9.0,2.7322366000000002,0,1,180.0,0.0,0.0,1.0,0.0,-0.12125172
39534,28.0,9.0,4.073511,0,1,30.0,0.0,1.0,0.0,1.0,
39540,20.0,9.0,3.3926010000000004,0,1,180.0,1.0,0.0,0.0,0.0,1.1229138
39548,26.0,9.0,2.252349,0,1,120.0,0.0,0.0,0.0,1.0,-0.09741825
39584,23.0,9.0,2.6117656000000005,0,0,30.0,0.0,0.0,0.0,1.0,
39596,21.0,9.0,2.5444555,0,0,40.0,0.0,0.0,1.0,0.0,
39598,22.0,9.0,2.473951,0,0,20.0,0.0,0.0,1.0,0.0,
39600,24.0,9.0,2.2805846,0,0,30.0,1.0,0.0,1.0,1.0,
39606,21.0,9.0,2.5622199,0,0,50.0,0.0,0.0,0.0,0.0,
39614,21.0,9.0,2.5674856,0,0,30.0,0.0,0.0,0.0,0.0,
39624,20.0,9.0,2.9942312,0,0,60.0,0.0,0.0,0.0,0.0,
39626,21.0,9.0,2.580078,0,1,35.0,0.0,0.0,0.0,0.0,0.38962492
39628,21.0,9.0,2.4942834,0,0,14.0,0.0,0.0,0.0,0.0,
39634,20.0,9.0,3.3516254,0,1,28.0,0.0,0.0,0.0,0.0,1.5389206
39642,22.0,9.0,2.4048898,0,0,30.0,0.0,0.0,1.0,0.0,
39648,21.0,9.0,2.3734176,0,1,20.0,0.0,0.0,1.0,0.0,
39654,22.0,9.0,2.5910888,0,0,10.0,0.0,0.0,1.0,0.0,
39658,20.0,9.0,2.52376,0,0,30.0,0.0,0.0,1.0,0.0,
39660,20.0,9.0,2.43363,0,1,20.0,0.0,0.0,1.0,0.0,
39664,20.0,9.0,2.6791098,0,1,22.0,0.0,0.0,1.0,0.0,
39666,20.0,9.0,2.6013832000000003,0,0,20.0,0.0,0.0,1.0,0.0,
39748,22.0,9.0,2.5558746,1,1,60.0,0.0,1.0,1.0,0.0,0.41374972
39752,24.0,9.0,3.3266854,0,0,100.0,0.0,0.0,0.0,1.0,
39754,21.0,9.0,2.9838223,0,1,40.0,1.0,0.0,0.0,1.0,-0.17670363
39778,22.0,9.0,2.9864832999999997,0,0,40.0,0.0,0.0,0.0,1.0,
39794,21.0,9.0,3.0780644,0,0,40.0,1.0,0.0,0.0,0.0,
39798,18.0,9.0,1.9838089,0,1,30.0,1.0,0.0,0.0,0.0,-0.07484701
39938,23.0,9.0,2.7840787999999996,0,1,60.0,0.0,0.0,0.0,1.0,1.1988701000000002
39942,28.0,9.0,2.2076132,1,1,100.0,1.0,1.0,1.0,1.0,-0.64123964
39948,23.0,9.0,2.64493,0,0,30.0,0.0,0.0,1.0,1.0,
39954,24.0,9.0,2.6786146,0,0,60.0,0.0,1.0,1.0,1.0,
39966,25.0,9.0,2.6237687999999997,0,0,45.0,0.0,1.0,1.0,1.0,
39972,23.0,9.0,2.5542045,0,1,40.0,0.0,0.0,0.0,0.0,0.15967765
39990,24.0,9.0,2.6146432999999996,0,1,40.0,1.0,0.0,1.0,0.0,-0.29207823
39994,20.0,9.0,2.9200310000000003,0,1,60.0,0.0,0.0,0.0,0.0,
40000,23.0,9.0,2.336026700000001,0,0,60.0,1.0,0.0,0.0,1.0,
40002,20.0,9.0,2.7420343999999996,0,1,30.0,0.0,0.0,1.0,0.0,
40008,20.0,9.0,2.6680057,0,1,120.0,1.0,0.0,0.0,0.0,0.738152
40018,22.0,9.0,2.476591,0,1,120.0,0.0,0.0,0.0,1.0,0.017773999
40034,19.0,9.0,2.4618301,0,1,300.0,0.0,0.0,1.0,0.0,0.09252572
40044,23.0,9.5,2.3107138,0,1,180.0,0.0,0.0,0.0,1.0,-0.32198727
40062,23.0,9.0,2.2496742999999997,0,1,170.0,0.0,1.0,1.0,0.0,0.24164101
40068,22.0,9.0,2.2646167,0,1,65.0,1.0,0.0,0.0,0.0,-0.040037595
40076,24.0,9.0,2.0681224,0,1,140.0,1.0,0.0,1.0,0.0,-0.34249765
40078,22.0,9.0,2.84038,0,1,30.0,0.0,0.0,1.0,0.0,
40156,19.0,8.0,2.5676297999999997,0,1,20.0,1.0,0.0,1.0,1.0,
40162,21.0,8.0,2.50253,0,1,120.0,0.0,0.0,1.0,1.0,0.14284535
40164,22.0,8.0,2.7391,0,1,180.0,0.0,0.0,1.0,0.0,0.5695838000000001
40174,28.0,8.0,2.4065824,1,1,30.0,1.0,1.0,1.0,1.0,0.07169733
40178,23.0,8.0,2.4487642999999997,0,1,80.0,1.0,0.0,0.0,1.0,
40182,21.0,8.0,2.0804245,0,0,40.0,1.0,0.0,1.0,0.0,
40188,20.0,8.0,2.4512856,0,0,30.0,0.0,0.0,1.0,1.0,
40192,23.0,8.0,2.411781,0,1,180.0,1.0,0.0,1.0,0.0,0.24561636
40216,24.0,25.0,3.134959,0,0,30.0,0.0,0.0,1.0,1.0,
40312,23.0,8.0,2.4896567000000003,0,1,20.0,0.0,0.0,1.0,1.0,
40316,25.0,8.0,2.5293367,0,1,60.0,0.0,0.0,1.0,0.0,0.22923808
40318,23.0,8.0,2.6573532,0,1,60.0,0.0,0.0,0.0,0.0,0.22499478
40320,25.0,8.0,3.1419656000000002,1,1,30.0,0.0,1.0,1.0,1.0,-1.1420957
40322,24.0,8.0,2.4230156000000003,0,1,80.0,0.0,0.0,1.0,0.0,0.14893954
40328,22.0,8.0,2.8085544,0,1,40.0,1.0,0.0,0.0,0.0,0.94877285
40334,23.0,8.0,3.0268366,0,1,200.0,0.0,0.0,1.0,0.0,0.2764667
40336,25.0,8.0,1.8216888999999998,0,1,120.0,1.0,0.0,1.0,1.0,-0.5590729
40342,23.0,8.0,2.5596123,0,0,120.0,0.0,0.0,0.0,1.0,
40344,22.0,8.0,2.0979366,0,1,120.0,0.0,1.0,1.0,0.0,
40346,22.0,8.0,2.3013977999999997,0,1,120.0,0.0,0.0,1.0,0.0,-0.37161943
40352,23.0,8.0,2.51021,0,0,50.0,1.0,0.0,0.0,1.0,
40444,34.0,8.0,4.579092500000002,1,1,240.0,1.0,1.0,1.0,0.0,0.66815186
40456,23.0,8.0,2.9682412,0,1,40.0,1.0,0.0,1.0,1.0,0.26799712
40472,25.0,8.0,2.7997400000000003,0,1,90.0,0.0,0.0,1.0,0.0,0.48244968
40490,21.0,8.0,2.2997365000000003,0,1,200.0,1.0,0.0,1.0,0.0,-0.094636105
41082,18.0,7.0,2.5007055,0,0,35.0,0.0,0.0,1.0,0.0,
41100,23.0,7.0,2.6378334,0,1,140.0,0.0,0.0,0.0,0.0,0.14475405
41116,23.0,7.0,2.7402666,0,0,150.0,1.0,0.0,1.0,0.0,
41128,22.0,7.0,2.4057565,0,1,120.0,0.0,0.0,1.0,0.0,
41140,29.0,7.0,2.4869277000000003,0,1,90.0,1.0,1.0,0.0,1.0,
41142,24.0,7.0,2.5200422000000002,0,0,90.0,0.0,0.0,0.0,1.0,
41156,20.0,7.0,2.4484098,0,1,60.0,0.0,0.0,0.0,0.0,0.4116751
41274,21.0,6.0,2.30598,0,1,60.0,0.0,0.0,0.0,0.0,-0.2319252
41278,24.0,6.0,2.3615975,0,1,20.0,0.0,0.0,0.0,1.0,-0.11688087
41286,23.0,6.0,2.2320545,0,1,60.0,1.0,0.0,1.0,1.0,-0.02529658
41296,18.0,6.0,2.4690301,0,0,40.0,0.0,0.0,1.0,0.0,
41298,25.0,6.0,2.215189,0,1,90.0,1.0,0.0,1.0,0.0,
41304,22.0,6.0,2.3107342999999996,0,1,2.0,1.0,0.0,0.0,0.0,-0.49294722
41306,20.0,6.0,2.3874621,0,0,30.0,0.0,0.0,1.0,0.0,
41308,24.0,6.0,2.4447365000000003,0,0,30.0,0.0,1.0,0.0,0.0,
41316,20.0,6.0,2.415078,0,0,30.0,0.0,0.0,1.0,0.0,
41318,22.0,6.0,2.8944987999999996,0,1,150.0,0.0,0.0,1.0,0.0,-1.2596043
41320,22.0,6.0,2.0357277,0,1,160.0,1.0,0.0,1.0,0.0,-0.31906465
41332,22.0,6.0,2.2184744,0,1,70.0,1.0,0.0,1.0,0.0,-0.39211935
41334,23.0,6.0,2.3744655,0,1,120.0,0.0,0.0,0.0,0.0,-0.25285846
41340,25.0,6.0,2.0534735,0,1,60.0,1.0,1.0,0.0,1.0,-0.28065609999999996
41344,24.0,6.0,2.2516667999999997,0,1,40.0,1.0,0.0,0.0,1.0,-0.37351438
41736,22.0,6.0,2.2245467,0,0,40.0,0.0,0.0,0.0,0.0,
41754,22.0,6.0,1.9151044999999998,0,0,50.0,0.0,0.0,1.0,1.0,
41780,23.0,6.0,2.2691445,0,0,47.0,0.0,0.0,0.0,1.0,
41812,23.0,6.0,2.3839755,0,0,32.0,0.0,0.0,0.0,0.0,
41814,22.0,6.0,2.0923011000000002,0,0,30.0,0.0,0.0,0.0,1.0,
41818,23.0,6.0,1.5676389,0,1,40.0,0.0,0.0,1.0,1.0,-0.121341206
41846,21.0,6.0,2.2940457000000003,0,0,20.0,0.0,0.0,0.0,1.0,
42096,23.0,5.0,1.9338323,0,1,60.0,1.0,0.0,0.0,0.0,-0.36624923
42098,21.0,5.0,2.1436677000000004,0,1,20.0,0.0,0.0,0.0,0.0,-0.04432181599999999
42104,21.0,5.0,2.0368733,0,1,20.0,0.0,0.0,1.0,0.0,-0.33475247
42108,23.0,5.0,2.1809990000000004,0,1,165.0,1.0,0.0,1.0,0.0,0.33541527
42110,23.0,5.0,2.3355234,0,1,60.0,0.0,0.0,1.0,0.0,
42112,22.0,5.0,2.201969,0,1,60.0,1.0,0.0,0.0,1.0,-0.14875236
42120,20.0,5.0,2.1931677000000005,0,0,40.0,0.0,0.0,1.0,0.0,
42136,21.0,5.0,2.31015,0,1,60.0,0.0,0.0,1.0,0.0,
42140,25.0,5.0,2.0991511000000003,1,1,120.0,1.0,1.0,1.0,0.0,-0.07073494
42146,21.0,5.0,2.6055667000000002,0,1,155.0,1.0,0.0,1.0,0.0,-0.04130923
42152,25.0,5.0,2.2796545,0,1,120.0,1.0,0.0,1.0,0.0,0.17874916
42308,23.0,5.0,2.1777735000000003,0,1,190.0,0.0,1.0,1.0,1.0,-0.11561139
42314,24.0,5.0,1.7768145,0,0,20.0,1.0,0.0,0.0,1.0,
42350,27.0,5.0,2.1230488,0,1,90.0,1.0,1.0,0.0,1.0,-0.09631305
42578,22.0,4.0,2.3495044999999997,0,0,20.0,1.0,0.0,1.0,1.0,
42584,21.0,4.0,2.4338333999999997,0,1,25.0,0.0,0.0,0.0,0.0,-1.6277931
42590,22.0,4.0,2.4269979999999998,0,1,90.0,1.0,0.0,1.0,0.0,
42592,23.0,4.0,2.1660967,0,1,120.0,0.0,0.0,0.0,0.0,0.04201851400000002
42594,20.0,4.0,2.038211,0,1,90.0,0.0,0.0,0.0,0.0,-0.31454426
42614,20.0,4.0,2.1441312000000003,0,1,60.0,0.0,0.0,1.0,0.0,
42618,22.0,4.0,2.4991667,0,1,30.0,1.0,0.0,1.0,1.0,-0.95753944
42624,23.0,4.0,2.116959,0,1,180.0,0.0,0.0,1.0,0.0,0.32374704
42626,22.0,4.0,2.1080042999999997,0,0,40.0,0.0,0.0,1.0,0.0,
42628,22.0,4.0,2.6698180000000002,0,1,140.0,1.0,0.0,1.0,0.0,-0.37955287
42632,21.0,4.0,2.1365277999999996,0,1,210.0,0.0,0.0,1.0,0.0,0.122516744
42634,20.0,4.0,2.3890445,0,1,20.0,1.0,0.0,1.0,1.0,-1.0077969
42682,22.0,4.0,2.2165678,0,1,240.0,0.0,1.0,1.0,0.0,0.3802322
43254,21.0,3.0,2.0256157,0,1,120.0,0.0,0.0,0.0,1.0,-0.0778696
43258,22.0,3.0,2.5343,0,1,180.0,1.0,0.0,1.0,0.0,-0.8111794
43264,22.0,3.0,2.1834314,0,1,210.0,1.0,0.0,1.0,1.0,-1.1921372
43266,20.0,3.0,2.4405427000000004,0,0,40.0,0.0,0.0,1.0,1.0,
43270,25.0,3.0,2.6007185,0,1,180.0,0.0,0.0,1.0,0.0,-0.9864636999999998
43272,20.0,3.0,2.5328286,0,0,20.0,0.0,0.0,0.0,0.0,
43278,23.0,3.0,1.8964971999999998,0,1,120.0,0.0,0.0,1.0,1.0,-0.39891129999999997
43280,22.0,3.0,2.16099,0,1,20.0,0.0,0.0,0.0,1.0,0.13146006
43282,23.0,3.0,2.2363342999999998,0,1,65.0,1.0,0.0,1.0,0.0,
43286,20.0,3.0,2.3404599999999998,0,1,20.0,0.0,0.0,1.0,0.0,-0.06607532
43288,21.0,3.0,2.3061087000000002,0,1,105.0,1.0,0.0,1.0,0.0,-1.0929021
43304,22.0,3.0,1.8463441999999999,0,0,25.0,0.0,0.0,0.0,1.0,
43310,22.0,3.0,2.5656571,0,0,30.0,0.0,0.0,1.0,1.0,
43500,27.0,3.0,2.6960227000000003,1,1,120.0,0.0,1.0,1.0,1.0,0.27930355
43502,23.0,3.0,2.459057,0,0,25.0,0.0,0.0,0.0,1.0,
43514,23.0,3.0,2.4673429000000002,0,1,80.0,1.0,0.0,0.0,1.0,-1.1782786
43518,24.0,3.0,2.4029027999999997,0,0,180.0,1.0,0.0,0.0,0.0,
43520,23.0,3.0,1.6894429,0,1,80.0,1.0,0.0,0.0,1.0,-0.4932391
43524,24.0,3.0,2.34497,0,1,140.0,1.0,0.0,1.0,0.0,-0.9642803
43526,24.0,3.0,2.0019843999999996,0,0,220.0,0.0,0.0,1.0,0.0,
43528,22.0,3.0,2.0830257,0,1,120.0,1.0,0.0,0.0,1.0,-1.468038
43530,21.0,3.0,2.2051157999999997,0,0,80.0,1.0,0.0,0.0,0.0,
43532,18.0,3.0,2.4022157,0,0,20.0,0.0,0.0,0.0,0.0,
43534,23.0,3.0,2.3380985,0,1,180.0,1.0,0.0,1.0,1.0,-0.6394618000000001
43538,27.0,4.0,2.2302720000000003,1,1,90.0,0.0,1.0,0.0,1.0,-0.52250844
43542,28.0,4.5,1.9261173999999999,1,1,30.0,0.0,1.0,0.0,0.0,-0.27729517
43556,26.0,3.5,2.3313867999999998,0,1,40.0,0.0,1.0,0.0,0.0,0.28246206
43564,29.0,4.0,2.1736722,1,1,30.0,0.0,1.0,1.0,0.0,
43568,22.0,4.0,2.065238,0,1,30.0,0.0,0.0,0.0,0.0,-0.49482194
43570,18.0,3.5,2.4264232999999997,0,1,180.0,1.0,0.0,1.0,0.0,-0.8791104
43926,22.0,3.0,2.893118,0,1,50.0,1.0,0.0,1.0,0.0,-0.6409058000000001
43928,22.0,4.0,2.0455067,0,1,20.0,0.0,0.0,0.0,1.0,-0.793237
43932,22.0,4.0,2.0495067,0,0,20.0,0.0,0.0,1.0,1.0,
43946,24.0,3.0,2.270552,0,1,120.0,0.0,0.0,1.0,0.0,
43952,24.0,3.0,2.2289779999999997,0,1,140.0,0.0,0.0,0.0,1.0,0.07195905
44236,22.0,2.5,1.7560683000000001,0,1,90.0,0.0,0.0,0.0,1.0,
44238,24.0,2.5,2.4825802,0,1,30.0,0.0,0.0,0.0,1.0,
44248,22.0,2.5,2.193135,0,0,3.0,1.0,0.0,0.0,0.0,
44250,19.0,2.5,1.6848617,0,0,60.0,0.0,0.0,1.0,0.0,
44254,24.0,2.5,1.7204667000000002,0,1,60.0,0.0,1.0,1.0,1.0,
44256,21.0,2.5,1.8639133,0,1,120.0,0.0,0.0,1.0,0.0,-0.7687596999999999
44266,19.0,2.5,2.1462647999999995,0,1,55.0,1.0,0.0,1.0,0.0,-1.1966077
44276,21.0,2.5,1.8383517,0,1,60.0,0.0,0.0,1.0,1.0,
44278,20.0,2.5,1.7550284,0,0,20.0,0.0,0.0,0.0,0.0,
44280,24.0,2.5,1.9355866999999998,0,0,110.0,1.0,0.0,1.0,1.0,
44282,20.0,2.5,1.9008915000000002,0,1,240.0,0.0,0.0,1.0,0.0,-0.31786045
44286,22.0,2.5,1.7338101000000001,0,0,95.0,0.0,0.0,1.0,0.0,
44288,23.0,2.5,1.8778965,0,0,40.0,0.0,0.0,1.0,0.0,
44398,22.0,2.5,1.7807182000000001,0,1,120.0,1.0,0.0,1.0,0.0,
44400,28.0,2.5,2.0650983,1,1,40.0,0.0,1.0,1.0,0.0,
44408,22.0,2.5,1.6431301,0,1,180.0,0.0,0.0,1.0,0.0,-0.3330288
44412,18.0,2.5,1.2351917,0,1,180.0,0.0,0.0,0.0,0.0,
44414,22.0,2.5,1.8320866999999998,0,0,120.0,0.0,0.0,0.0,1.0,
44782,23.0,2.0,2.7881098,0,1,60.0,1.0,0.0,1.0,0.0,-0.13177224
44784,31.0,2.0,2.49969,0,1,30.0,1.0,0.0,1.0,1.0,-0.7438176
44794,23.0,3.0,2.4931734,0,1,40.0,1.0,0.0,1.0,0.0,-1.0718768
44800,25.0,2.0,2.74229,0,1,120.0,1.0,0.0,1.0,1.0,-0.36135009999999995
44808,22.0,2.0,2.4890897,0,0,120.0,1.0,0.0,1.0,0.0,
45206,25.0,2.0,1.4830899,0,1,180.0,1.0,0.0,0.0,1.0,
45230,22.0,2.0,1.6015059999999999,0,1,120.0,0.0,0.0,0.0,0.0,
45232,18.0,2.0,1.467738,0,0,60.0,0.0,0.0,1.0,1.0,
45238,22.0,2.0,1.6785461,0,1,40.0,1.0,0.0,1.0,0.0,-0.044172138
45240,20.0,2.0,1.352266,0,0,40.0,0.0,0.0,0.0,0.0,
45254,23.0,2.0,1.9083240000000001,0,1,210.0,1.0,0.0,0.0,1.0,-1.1018978000000001
45270,21.0,2.0,1.4796121000000002,0,0,20.0,0.0,0.0,0.0,0.0,
45442,22.0,2.5,2.4788702000000002,0,1,40.0,1.0,0.0,1.0,0.0,-0.9931348
45730,22.0,1.5,1.7010174999999998,0,0,100.0,0.0,0.0,1.0,0.0,
45732,21.0,1.5,1.6412076,0,0,90.0,1.0,0.0,0.0,0.0,
45734,21.0,1.5,1.2982326000000002,0,0,90.0,0.0,0.0,1.0,0.0,
45746,23.0,1.5,1.7275676,0,0,60.0,0.0,0.0,0.0,0.0,
45750,22.0,1.5,1.6346575,0,1,140.0,1.0,1.0,1.0,0.0,
45758,20.0,1.5,1.7030776,0,1,10.0,1.0,0.0,0.0,0.0,
45760,22.0,1.5,1.67313,0,1,60.0,1.0,0.0,0.0,0.0,
45764,28.0,1.5,1.7172599999999998,0,1,60.0,1.0,0.0,1.0,0.0,
45772,21.0,1.5,1.648035,0,0,80.0,0.0,0.0,1.0,0.0,
45778,25.0,1.5,1.7218449,0,0,120.0,1.0,0.0,0.0,0.0,
45780,21.0,1.5,1.648225,0,1,30.0,0.0,0.0,1.0,0.0,
45784,23.0,1.5,1.697285,0,1,70.0,1.0,0.0,1.0,1.0,
45786,19.0,1.5,1.4980575,0,0,43.0,0.0,0.0,0.0,1.0,
45790,20.0,1.5,1.514765,0,0,25.0,0.0,0.0,0.0,1.0,
45834,20.0,1.5,1.3220273999999999,0,0,80.0,0.0,0.0,1.0,0.0,
45856,22.0,1.5,1.3680625,0,1,80.0,0.0,0.0,0.0,0.0,
45862,18.0,1.5,1.230625,0,1,180.0,1.0,0.0,1.0,0.0,
46004,24.0,2.0,2.11385,0,1,6.0,1.0,0.0,0.0,0.0,
46006,25.0,2.0,1.8658599999999999,0,1,60.0,1.0,1.0,1.0,1.0,
46008,22.0,1.5,1.83905,0,0,50.0,1.0,0.0,1.0,0.0,
46010,25.0,25.0,1.328755,0,0,30.0,0.0,0.0,0.0,1.0,
46016,19.0,1.5,1.4504375,0,1,30.0,0.0,0.0,1.0,0.0,
46018,17.0,1.5,1.20444,0,0,30.0,0.0,0.0,0.0,0.0,
46022,17.0,1.5,1.21079,0,0,30.0,0.0,0.0,1.0,0.0,
46026,19.0,1.5,1.4421549999999999,0,1,60.0,0.0,0.0,1.0,1.0,
46034,17.0,1.5,1.255515,0,1,50.0,0.0,0.0,1.0,0.0,
46036,20.0,1.5,1.3746525,0,1,30.0,0.0,0.0,1.0,0.0,
46044,21.0,1.5,1.6189051,0,0,70.0,0.0,0.0,1.0,0.0,
46046,22.0,1.5,1.3447850000000001,0,1,65.0,1.0,0.0,0.0,0.0,
46050,19.0,1.5,1.4123526000000002,0,0,30.0,0.0,0.0,0.0,0.0,
46058,22.0,1.5,1.401275,0,0,40.0,0.0,0.0,0.0,0.0,
46060,20.0,1.5,1.4131875,0,1,80.0,0.0,0.0,1.0,0.0,
46066,17.0,1.5,1.253765,0,1,50.0,0.0,0.0,0.0,0.0,
46070,24.0,1.5,1.3811799,0,1,150.0,1.0,0.0,1.0,1.0,
46074,22.0,1.5,1.3831799,0,1,60.0,0.0,0.0,0.0,0.0,
46476,19.0,1.0,1.62701,0,1,90.0,0.0,0.0,1.0,1.0,
46478,18.0,1.0,1.3734667,0,1,25.0,0.0,0.0,0.0,0.0,
46494,18.0,1.0,1.4149433,0,1,24.0,0.0,0.0,1.0,0.0,
46502,19.0,1.0,1.3734667,0,1,40.0,0.0,0.0,1.0,0.0,
46510,17.0,1.0,1.3684666,0,0,60.0,0.0,0.0,1.0,0.0,
46536,20.0,1.0,1.45045,0,0,36.0,0.0,0.0,1.0,0.0,
46538,19.0,1.0,1.4036966999999998,0,0,40.0,0.0,0.0,1.0,0.0,
46540,18.0,1.0,1.3841,0,0,40.0,0.0,0.0,0.0,0.0,
46542,18.0,1.0,1.375,0,0,30.0,1.0,0.0,1.0,0.0,
46546,22.0,1.0,1.5264367,0,1,120.0,0.0,0.0,0.0,1.0,
46632,18.0,1.0,1.6285033000000002,0,1,120.0,0.0,0.0,1.0,0.0,
46638,27.0,25.0,1.62655,1,0,180.0,0.0,1.0,0.0,1.0,
46642,21.0,1.0,2.0104599999999997,0,0,40.0,1.0,0.0,0.0,0.0,
46644,23.0,1.5,2.59774,0,0,80.0,0.0,0.0,0.0,0.0,
46650,24.0,1.0,2.0237932,0,0,90.0,1.0,0.0,1.0,0.0,
47184,26.0,0.5,3.335,0,1,110.0,0.0,0.0,0.0,1.0,
47186,19.0,0.5,1.36,0,0,60.0,0.0,0.0,0.0,0.0,
47188,17.0,0.5,1.36,0,0,40.0,0.0,0.0,0.0,0.0,
47194,17.0,0.5,1.36,0,1,40.0,1.0,0.0,1.0,0.0,
47198,22.0,0.5,1.56,0,0,60.0,0.0,0.0,1.0,0.0,
47200,21.0,0.5,1.5525,0,0,30.0,0.0,0.0,0.0,0.0,
47216,20.0,0.5,1.5525,0,0,40.0,0.0,0.0,1.0,0.0,
47240,17.0,0.5,1.36,0,0,20.0,1.0,0.0,1.0,0.0,
47254,24.0,0.5,1.56,0,0,20.0,0.0,0.0,1.0,1.0,
47268,21.0,0.5,1.603705,0,1,60.0,0.0,0.0,1.0,0.0,
47270,19.0,0.5,1.4837049999999998,0,0,120.0,0.0,0.0,0.0,0.0,
47272,23.0,0.5,1.989655,0,0,20.0,1.0,0.0,1.0,1.0,
47274,24.0,25.0,1.989655,0,1,40.0,1.0,0.0,0.0,1.0,-0.8907278000000001
47276,23.0,0.5,1.989655,0,1,40.0,1.0,0.0,1.0,0.0,
47278,28.0,0.5,1.645515,0,1,100.0,1.0,0.0,0.0,0.0,
47280,19.0,0.5,1.617325,0,0,50.0,1.0,0.0,0.0,0.0,
47282,26.0,1.0,2.00103,0,1,140.0,1.0,0.0,0.0,0.0,
47284,20.0,0.5,1.6500849999999998,0,1,120.0,0.0,0.0,1.0,0.0,
47286,19.0,0.5,1.530255,0,0,120.0,0.0,0.0,1.0,0.0,
47288,19.0,0.5,1.6417199,0,0,110.0,1.0,0.0,0.0,0.0,
47294,20.0,0.5,1.485255,0,1,90.0,0.0,0.0,1.0,0.0,
47296,20.0,0.5,1.4917200000000002,0,1,150.0,0.0,0.0,1.0,1.0,
47304,25.0,0.5,1.5071551,0,0,40.0,1.0,0.0,0.0,0.0,
47310,20.0,0.5,1.4507700000000001,0,1,180.0,0.0,0.0,0.0,0.0,
47312,22.0,0.5,1.49422,0,1,120.0,0.0,0.0,1.0,0.0,
47314,18.0,0.5,1.2992251,0,1,60.0,0.0,0.0,1.0,0.0,
47322,20.0,0.5,1.2971851,0,1,30.0,0.0,0.0,0.0,1.0,
47324,22.0,0.5,1.4287051000000002,0,0,140.0,1.0,0.0,0.0,1.0,
47328,22.0,0.5,1.3052549999999998,0,1,30.0,0.0,0.0,0.0,0.0,
47330,23.0,0.5,1.485255,0,0,40.0,0.0,0.0,1.0,0.0,
47534,23.0,0.5,1.248795,0,1,180.0,0.0,0.0,0.0,0.0,
47552,21.0,0.5,1.238795,0,1,140.0,1.0,0.0,0.0,0.0,
47648,20.0,0.5,1.216895,0,1,120.0,1.0,0.0,1.0,0.0,
47650,19.0,1.0,1.725,0,1,60.0,0.0,0.0,0.0,0.0,
47652,21.0,1.0,1.685,0,1,90.0,0.0,0.0,0.0,0.0,
48028,26.0,0.0,1.3403399999999999,0,0,40.0,0.0,0.0,0.0,1.0,
48032,29.0,0.0,1.3103399,0,1,60.0,0.0,0.0,0.0,0.0,
48036,18.0,0.0,1.24137,0,0,170.0,1.0,0.0,0.0,0.0,
48040,23.0,0.0,1.3403399999999999,0,1,90.0,1.0,0.0,1.0,1.0,
48042,21.0,0.0,1.3403399999999999,0,1,90.0,1.0,0.0,1.0,1.0,
48046,26.0,0.0,1.27586,1,1,180.0,0.0,1.0,0.0,0.0,
48054,23.0,0.0,1.3103399,0,1,90.0,1.0,0.0,1.0,0.0,
48056,21.0,0.0,1.3403399999999999,0,0,110.0,1.0,0.0,1.0,1.0,
48058,20.0,0.0,1.3103399,0,1,55.0,1.0,0.0,1.0,0.0,
48060,22.0,0.0,1.3103399,0,0,120.0,0.0,0.0,0.0,0.0,
48066,22.0,0.0,1.3403399999999999,0,0,120.0,0.0,0.0,1.0,1.0,
48068,22.0,0.0,1.3103399,0,1,220.0,0.0,0.0,1.0,1.0,
48072,21.0,0.0,1.3103399,0,1,180.0,1.0,0.0,0.0,1.0,
48074,23.0,0.0,1.24137,0,0,150.0,0.0,0.0,1.0,0.0,
48076,19.0,0.0,1.3103399,0,0,20.0,0.0,0.0,0.0,0.0,
48078,23.0,0.0,1.3403399999999999,0,1,4.0,0.0,0.0,1.0,1.0,
48080,22.0,0.0,1.24137,0,1,30.0,1.0,0.0,0.0,0.0,
48088,20.0,0.0,1.3103399,0,1,120.0,1.0,0.0,1.0,1.0,
48094,21.0,0.0,1.3103399,0,1,190.0,1.0,0.0,1.0,0.0,
48096,23.0,0.0,1.3103399,0,1,90.0,0.0,0.0,0.0,0.0,
48100,21.0,0.0,1.3103399,0,1,90.0,0.0,0.0,0.0,0.0,
48120,25.0,0.0,0.9905200000000001,0,1,60.0,0.0,1.0,1.0,0.0,
48122,20.0,0.0,1.2665501000000001,0,1,40.0,0.0,0.0,0.0,0.0,
48124,23.0,0.0,1.0505201000000002,0,1,50.0,0.0,0.0,1.0,0.0,
48130,21.0,0.0,1.1974200000000002,0,1,120.0,0.0,0.0,0.0,1.0,
48138,26.0,0.0,1.12552,0,0,40.0,1.0,0.0,0.0,1.0,
48372,24.0,0.0,0.62069,0,1,50.0,0.0,0.0,1.0,0.0,
48378,18.0,0.0,0.62069,0,1,160.0,1.0,0.0,0.0,0.0,
48382,22.0,0.0,0.62069,0,0,80.0,1.0,0.0,0.0,0.0,
48386,18.0,0.0,0.53793,0,1,120.0,1.0,0.0,1.0,0.0,
