personid,year_week,treatment,commute120,calllength
42632,201050,0,1,27952.0
31136,201050,0,1,54660.023
7720,201050,0,1,74899.016
40346,201050,0,0,68876.016
15444,201050,0,0,80667.03
29172,201050,0,1,97110.0
8834,201050,0,0,85383.98
28190,201050,0,0,69624.99
16334,201050,0,1,92361.016
36288,201050,0,0,90263.04
28224,201050,0,0,75574.984
39144,201050,0,1,95931.97
38842,201050,0,1,17945.0
40008,201050,0,0,62032.027
40162,201050,0,0,72308.01
41332,201050,0,0,26092.994
40174,201050,0,0,80053.016
33354,201050,0,1,53081.023
37292,201050,0,1,53756.02
43570,201050,0,1,56916.027
16422,201050,0,0,84099.99
13980,201050,0,0,85118.04
43524,201050,0,1,73896.984
32804,201050,0,0,87787.984
45254,201050,0,1,60390.027
34890,201050,0,1,71002.016
14220,201050,0,1,63536.027
37276,201050,0,0,81345.0
39458,201050,0,1,93458.02
45442,201050,0,0,47356.98
33128,201050,0,0,62079.02
35006,201050,0,0,83855.01
39478,201050,0,1,98689.98
37798,201050,0,0,47678.0
31888,201050,0,1,82903.99
35822,201050,0,0,46230.01
42634,201050,0,0,80726.98
39164,201050,0,0,95916.96
38862,201050,0,0,71313.02
44794,201050,0,0,56004.99
19470,201050,0,0,77573.984
44282,201050,0,1,77506.03
38552,201050,0,0,42678.004
28484,201050,0,0,93370.984
42096,201050,0,0,24205.994
27704,201050,0,0,64112.992
32320,201050,0,0,101127.03
33278,201050,0,1,77495.98
40456,201050,0,0,65953.01
44800,201050,0,0,65424.973
42152,201050,0,0,88178.99
25864,201050,0,0,94282.96
16594,201050,0,1,97447.97
16424,201050,0,1,72201.0
36314,201050,0,0,94882.984
31150,201050,0,0,102223.984
39466,201050,0,0,68827.03
43258,201050,0,1,79935.984
16514,201050,1,0,102518.05
26934,201050,1,0,81110.98
36908,201050,1,0,68730.02
42618,201050,1,0,31757.004
23136,201050,1,0,44149.98
38290,201050,1,0,64175.02
44266,201050,1,0,62032.027
10356,201050,1,0,58520.02
42108,201050,1,1,106801.96
29808,201050,1,0,83949.02
4122,201050,1,1,118689.05
41286,201050,1,0,67704.03
42104,201050,1,0,57273.98
25520,201050,1,0,45601.004
38878,201050,1,1,79516.97
24324,201050,1,0,41127.0
21654,201050,1,0,85333.016
42624,201050,1,1,62093.996
40472,201050,1,0,105016.97
38712,201050,1,0,83765.96
14048,201050,1,1,88954.96
43534,201050,1,1,58691.996
40192,201050,1,1,94634.016
44782,201050,1,0,63747.973
12974,201050,1,0,107739.03
41320,201050,1,1,67262.99
30014,201050,1,0,53659.01
40316,201050,1,0,68550.01
39096,201050,1,1,71509.98
38038,201050,1,0,64118.004
39990,201050,1,0,28061.99
14522,201050,1,0,52570.992
14528,201050,1,0,104418.97
40490,201050,1,1,71993.01
40322,201050,1,0,35638.0
17906,201050,1,1,74394.01
31292,201050,1,1,81130.01
22284,201050,1,0,53139.02
36494,201050,1,0,60410.016
42592,201050,1,0,39936.996
24608,201050,1,0,45352.016
39634,201050,1,0,110820.95
38566,201050,1,1,82475.0
38898,201050,1,0,76746.01
42628,201050,1,1,55219.01
35344,201050,1,0,106419.98
38580,201050,1,1,18022.006
16596,201050,1,0,59629.0
37294,201050,1,0,93435.03
25638,201050,1,0,49650.996
39942,201050,1,0,82994.97
25962,201050,1,0,50507.008
43926,201050,1,0,48787.99
23772,201050,1,0,56269.996
40062,201050,1,1,87799.96
36032,201050,1,0,72200.03
26328,201050,1,0,21607.008
29230,201050,1,0,23659.0
44784,201050,1,0,53021.02
8854,201050,1,0,75101.0
44408,201050,1,1,78925.03
8834,201051,0,0,104965.01
43570,201051,0,1,54590.996
42632,201051,0,1,66689.03
37276,201051,0,0,64349.008
15444,201051,0,0,96467.01
34890,201051,0,1,75827.016
42152,201051,0,0,59410.01
40346,201051,0,0,73092.984
39458,201051,0,1,83222.99
37292,201051,0,1,47781.008
28224,201051,0,0,67004.016
42634,201051,0,0,54912.016
40456,201051,0,0,84255.97
35006,201051,0,0,78442.984
31136,201051,0,1,60397.977
37798,201051,0,0,41995.992
39478,201051,0,1,98522.03
40162,201051,0,0,86678.96
25864,201051,0,0,93586.01
40034,201051,0,1,72462.016
31150,201051,0,0,109110.95
32320,201051,0,0,110385.01
16424,201051,0,1,50120.984
38552,201051,0,0,51826.98
41332,201051,0,0,56177.023
39466,201051,0,0,87005.02
45442,201051,0,0,38445.0
31888,201051,0,1,78310.98
43524,201051,0,1,73184.01
43258,201051,0,1,75974.02
28484,201051,0,0,95366.96
44282,201051,0,1,84447.99
39164,201051,0,0,65356.996
32804,201051,0,0,78020.03
36314,201051,0,0,102424.03
7720,201051,0,1,79701.99
33354,201051,0,1,79797.98
35822,201051,0,0,39103.004
36288,201051,0,0,57010.984
40174,201051,0,0,89248.97
14220,201051,0,1,92916.01
33278,201051,0,1,97081.02
13980,201051,0,0,78630.0
29172,201051,0,1,83675.02
27704,201051,0,0,63304.984
28190,201051,0,0,45594.0
16422,201051,0,0,55005.992
39144,201051,0,1,95037.02
45254,201051,0,1,58698.996
16334,201051,0,1,50472.0
44800,201051,0,0,61984.01
38862,201051,0,0,79233.03
44794,201051,0,0,41160.98
16594,201051,0,1,114704.99
40008,201051,0,0,77469.01
14048,201051,1,1,92619.984
29230,201051,1,0,77182.0
39634,201051,1,0,129659.98
23772,201051,1,0,60102.98
23228,201051,1,0,84997.984
38878,201051,1,1,78398.03
35344,201051,1,0,106827.016
42628,201051,1,1,56067.996
41286,201051,1,0,84924.98
42618,201051,1,0,43159.01
44782,201051,1,0,60864.02
29808,201051,1,0,98528.04
30014,201051,1,0,76919.01
17906,201051,1,1,78448.97
43264,201051,1,1,48091.004
42108,201051,1,1,113268.02
38038,201051,1,0,68955.016
38290,201051,1,0,81265.99
38566,201051,1,1,78128.0
36908,201051,1,0,93244.984
44784,201051,1,0,42897.008
43926,201051,1,0,46210.0
14522,201051,1,0,55222.016
23136,201051,1,0,79581.0
42624,201051,1,1,91352.03
31936,201051,1,0,93335.016
39942,201051,1,0,83917.01
36032,201051,1,0,64342.01
22284,201051,1,0,71993.97
39990,201051,1,0,51935.98
37294,201051,1,0,68904.0
38712,201051,1,0,81775.99
39096,201051,1,1,67230.02
26934,201051,1,0,58621.01
16514,201051,1,0,95674.05
8854,201051,1,0,81786.984
25638,201051,1,0,92450.016
40490,201051,1,1,58104.996
43534,201051,1,1,76004.02
25520,201051,1,0,46679.016
40328,201051,1,0,97091.016
40472,201051,1,0,83400.016
12974,201051,1,0,60115.992
4122,201051,1,1,75240.01
24608,201051,1,0,52795.98
31292,201051,1,1,100635.02
26328,201051,1,0,22630.004
44408,201051,1,1,74705.98
24324,201051,1,0,61015.008
41320,201051,1,1,74329.97
36494,201051,1,0,65251.996
21654,201051,1,0,103927.01
44266,201051,1,0,76107.97
40316,201051,1,0,94096.03
16596,201051,1,0,62034.984
42592,201051,1,0,85357.02
40322,201051,1,0,102493.016
38898,201051,1,0,67620.016
10356,201051,1,0,67035.016
42104,201051,1,0,62770.008
40062,201051,1,1,50104.02
14528,201051,1,0,82839.98
38580,201051,1,1,16860.002
40192,201051,1,1,81639.0
25962,201051,1,0,56003.01
8834,201052,0,0,80947.0
16422,201052,0,0,24395.006
25864,201052,0,0,106956.99
15444,201052,0,0,98471.96
7720,201052,0,1,79887.98
42632,201052,0,1,34433.0
41332,201052,0,0,35979.016
40346,201052,0,0,94385.97
39144,201052,0,1,98003.99
19470,201052,0,0,73002.01
36288,201052,0,0,41103.984
40008,201052,0,0,83679.97
31888,201052,0,1,77996.01
32804,201052,0,0,40372.016
28224,201052,0,0,72041.016
28190,201052,0,0,53115.004
27704,201052,0,0,98463.98
37798,201052,0,0,48707.004
36314,201052,0,0,76410.0
33278,201052,0,1,96868.03
44800,201052,0,0,68732.97
42634,201052,0,0,77544.03
39164,201052,0,0,68803.016
16334,201052,0,1,25774.004
44282,201052,0,1,65316.992
34890,201052,0,1,77221.98
40336,201052,0,0,4773.0024
37276,201052,0,0,48939.02
33354,201052,0,1,88254.96
32320,201052,0,0,96627.96
40456,201052,0,0,21408.01
45442,201052,0,0,50679.016
16424,201052,0,1,43321.98
39466,201052,0,0,68550.984
13980,201052,0,0,76256.03
33128,201052,0,0,62877.97
35822,201052,0,0,48588.977
39478,201052,0,1,89928.98
43524,201052,0,1,62663.004
40034,201052,0,1,95690.016
45254,201052,0,1,73130.984
10098,201052,0,1,68566.02
28484,201052,0,0,99363.99
38862,201052,0,0,69022.98
42152,201052,0,0,56414.0
38552,201052,0,0,46356.01
43258,201052,0,1,79026.03
40174,201052,0,0,66704.99
14220,201052,0,1,91927.96
43570,201052,0,1,60839.008
29172,201052,0,1,78436.02
31150,201052,0,0,108954.05
31136,201052,0,1,107084.98
35006,201052,0,0,66059.016
37292,201052,0,1,16777.0
39458,201052,0,1,70030.01
40162,201052,0,0,83619.984
30014,201052,1,0,56176.004
16596,201052,1,0,74499.016
21654,201052,1,0,91155.01
8854,201052,1,0,75041.01
39942,201052,1,0,80584.984
31292,201052,1,1,106727.016
39634,201052,1,0,118685.984
42108,201052,1,1,88957.0
38898,201052,1,0,63548.027
24324,201052,1,0,29691.99
33350,201052,1,0,65507.008
38878,201052,1,1,89587.01
42624,201052,1,1,77111.0
39096,201052,1,1,70527.99
29808,201052,1,0,85376.97
43264,201052,1,1,104887.95
31936,201052,1,0,81155.01
42628,201052,1,1,46837.004
24608,201052,1,0,60242.023
16514,201052,1,0,87499.04
17906,201052,1,1,77821.99
14528,201052,1,0,94335.04
23228,201052,1,0,107750.02
40322,201052,1,0,98770.016
43288,201052,1,0,39274.996
25520,201052,1,0,46242.008
40328,201052,1,0,44141.016
43926,201052,1,0,38808.99
26934,201052,1,0,105490.95
41286,201052,1,0,72711.016
36032,201052,1,0,80524.984
38566,201052,1,1,85428.04
40316,201052,1,0,84023.03
44266,201052,1,0,71193.97
36908,201052,1,0,97924.95
14048,201052,1,1,83476.01
25638,201052,1,0,69170.984
42618,201052,1,0,14675.994
29230,201052,1,0,55392.01
42592,201052,1,0,72538.01
10356,201052,1,0,54217.02
26328,201052,1,0,45119.02
38580,201052,1,1,36110.984
12974,201052,1,0,44074.004
39990,201052,1,0,33332.99
40472,201052,1,0,86175.03
35344,201052,1,0,103197.04
44408,201052,1,1,64521.992
43534,201052,1,1,66829.984
40062,201052,1,1,64140.023
38290,201052,1,0,91839.984
23136,201052,1,0,60628.99
40192,201052,1,1,57323.98
38712,201052,1,0,88851.016
36494,201052,1,0,44250.98
22284,201052,1,0,52945.984
44784,201052,1,0,63716.973
25962,201052,1,0,57078.99
14522,201052,1,0,39655.01
40490,201052,1,1,66127.02
37294,201052,1,0,64022.016
44782,201052,1,0,82531.02
4122,201052,1,1,67577.016
23772,201052,1,0,78788.984
14220,201053,0,1,91902.98
19470,201053,0,0,83440.03
16594,201053,0,1,68747.0
28484,201053,0,0,71651.016
39458,201053,0,1,39069.008
43258,201053,0,1,76315.03
27704,201053,0,0,67314.97
29172,201053,0,1,84070.96
31888,201053,0,1,79924.02
39164,201053,0,0,57791.98
39466,201053,0,0,60303.01
40346,201053,0,0,48407.996
33354,201053,0,1,61653.98
35006,201053,0,0,59847.996
16424,201053,0,1,78768.02
43570,201053,0,1,31943.992
31136,201053,0,1,92286.0
42632,201053,0,1,74680.98
40162,201053,0,0,60662.996
34890,201053,0,1,70269.984
25864,201053,0,0,113622.02
10098,201053,0,1,33984.004
45442,201053,0,0,41453.992
32320,201053,0,0,54212.004
31150,201053,0,0,69546.02
42634,201053,0,0,78249.984
28224,201053,0,0,68913.99
8834,201053,0,0,75242.016
35822,201053,0,0,44318.004
45254,201053,0,1,73490.98
37798,201053,0,0,48966.004
40456,201053,0,0,69714.03
39144,201053,0,1,73214.02
36314,201053,0,0,69491.0
40034,201053,0,1,93725.97
13980,201053,0,0,81363.0
44800,201053,0,0,44833.996
28190,201053,0,0,63550.996
38862,201053,0,0,65177.984
33128,201053,0,0,60245.01
32804,201053,0,0,65067.0
37292,201053,0,1,31365.0
38552,201053,0,0,40453.992
15444,201053,0,0,86843.04
37276,201053,0,0,40923.984
40008,201053,0,0,33835.99
7720,201053,0,1,89067.016
36288,201053,0,0,92225.99
44282,201053,0,1,66909.0
42152,201053,0,0,75955.984
33278,201053,0,1,69314.016
39478,201053,0,1,55062.99
39096,201053,1,1,41615.008
24608,201053,1,0,54093.996
14528,201053,1,0,76062.98
29230,201053,1,0,61184.98
12974,201053,1,0,93986.98
38712,201053,1,0,71533.03
22284,201053,1,0,61924.984
42628,201053,1,1,66558.016
41286,201053,1,0,81409.02
42624,201053,1,1,75899.0
38878,201053,1,1,70417.03
38566,201053,1,1,71016.984
40490,201053,1,1,44515.992
39990,201053,1,0,36707.01
23772,201053,1,0,62276.004
23228,201053,1,0,103384.99
42592,201053,1,0,59876.027
43926,201053,1,0,33708.992
16514,201053,1,0,69257.98
36908,201053,1,0,51914.984
44782,201053,1,0,64442.97
26934,201053,1,0,39302.01
39634,201053,1,0,133701.98
40328,201053,1,0,84866.04
42104,201053,1,0,48354.98
31292,201053,1,1,94011.0
41320,201053,1,1,64373.99
14522,201053,1,0,71944.0
43264,201053,1,1,111476.03
8854,201053,1,0,74618.97
44266,201053,1,0,73534.02
38580,201053,1,1,23076.01
24324,201053,1,0,23556.0
16596,201053,1,0,81495.016
10356,201053,1,0,62916.0
31936,201053,1,0,51547.0
25520,201053,1,0,52336.98
30014,201053,1,0,62998.977
36032,201053,1,0,86877.01
40472,201053,1,0,91719.984
44784,201053,1,0,55010.973
17906,201053,1,1,70823.01
33350,201053,1,0,75580.03
40192,201053,1,1,76419.984
29808,201053,1,0,76816.97
44408,201053,1,1,53429.99
14048,201053,1,1,34885.0
40322,201053,1,0,70454.984
35344,201053,1,0,92489.97
43288,201053,1,0,53475.0
23136,201053,1,0,69916.97
25638,201053,1,0,58231.977
43534,201053,1,1,55830.98
42308,201053,1,1,45282.004
37294,201053,1,0,80890.98
38038,201053,1,0,58030.016
26328,201053,1,0,41625.01
38898,201053,1,0,43149.01
25962,201053,1,0,57036.98
40062,201053,1,1,76111.016
21654,201053,1,0,75194.02
36494,201053,1,0,37391.996
38290,201053,1,0,65181.03
42108,201053,1,1,75480.984
4122,201053,1,1,22111.01
42632,201101,0,1,75944.98
31150,201101,0,0,92892.0
45442,201101,0,0,43102.99
13980,201101,0,0,60883.004
40346,201101,0,0,41314.004
38552,201101,0,0,18140.002
32804,201101,0,0,93164.984
37276,201101,0,0,43888.992
33354,201101,0,1,83184.984
43524,201101,0,1,60608.004
42634,201101,0,0,86573.96
41332,201101,0,0,39057.98
39458,201101,0,1,72074.0
31136,201101,0,1,69282.02
39466,201101,0,0,66386.98
31888,201101,0,1,91315.97
33278,201101,0,1,74435.02
35822,201101,0,0,31118.986
40034,201101,0,1,54314.004
35006,201101,0,0,18141.992
14220,201101,0,1,69058.01
40456,201101,0,0,38622.02
44282,201101,0,1,49658.996
37798,201101,0,0,33478.004
16424,201101,0,1,57319.004
27704,201101,0,0,73824.01
45254,201101,0,1,76870.98
39164,201101,0,0,68799.01
39144,201101,0,1,93117.99
15444,201101,0,0,75755.02
43258,201101,0,1,69591.01
25864,201101,0,0,66547.984
34890,201101,0,1,53844.99
33128,201101,0,0,65854.02
40008,201101,0,0,38885.01
42152,201101,0,0,77587.01
37292,201101,0,1,49755.99
36288,201101,0,0,82792.04
28190,201101,0,0,64851.973
19470,201101,0,0,36938.01
8834,201101,0,0,89148.0
43570,201101,0,1,43301.99
40162,201101,0,0,79894.984
36314,201101,0,0,57677.016
29172,201101,0,1,65592.02
28224,201101,0,0,71310.984
16594,201101,0,1,91637.97
44800,201101,0,0,46719.99
7720,201101,0,1,66185.01
38862,201101,0,0,65485.023
42628,201101,1,1,69307.01
26934,201101,1,0,73730.99
25520,201101,1,0,37680.992
10356,201101,1,0,67438.984
38290,201101,1,0,79740.01
42104,201101,1,0,64233.984
40062,201101,1,1,33440.992
24324,201101,1,0,50529.99
40316,201101,1,0,78706.0
24608,201101,1,0,44485.01
31292,201101,1,1,99380.95
35344,201101,1,0,89965.0
36494,201101,1,0,24074.012
42624,201101,1,1,84909.02
12974,201101,1,0,50590.984
39096,201101,1,1,57434.023
36032,201101,1,0,79080.01
40472,201101,1,0,94446.03
38898,201101,1,0,79031.984
25962,201101,1,0,45745.004
25638,201101,1,0,61786.004
40490,201101,1,1,87595.98
38038,201101,1,0,46245.004
39990,201101,1,0,49706.996
38566,201101,1,1,85923.016
39942,201101,1,0,71254.016
42308,201101,1,1,53247.984
31936,201101,1,0,88444.96
14522,201101,1,0,63059.99
41286,201101,1,0,70268.98
44784,201101,1,0,46387.01
44408,201101,1,1,57732.984
37294,201101,1,0,22043.992
14528,201101,1,0,54142.977
29230,201101,1,0,73520.98
16596,201101,1,0,58554.02
39634,201101,1,0,115146.03
38712,201101,1,0,95112.01
30014,201101,1,0,50600.008
4122,201101,1,1,46005.008
17906,201101,1,1,49253.004
22284,201101,1,0,67604.99
23228,201101,1,0,88272.98
36908,201101,1,0,81629.97
26328,201101,1,0,17893.0
40328,201101,1,0,81905.01
38878,201101,1,1,83022.04
14048,201101,1,1,76137.01
16514,201101,1,0,94874.02
23772,201101,1,0,53938.016
38580,201101,1,1,11840.002
43534,201101,1,1,57313.977
43926,201101,1,0,40800.996
42108,201101,1,1,100737.0
8854,201101,1,0,79690.97
40322,201101,1,0,110431.97
44782,201101,1,0,54924.008
43264,201101,1,1,89071.01
29808,201101,1,0,96652.016
33350,201101,1,0,52221.01
42592,201101,1,0,44686.004
21654,201101,1,0,94133.016
23136,201101,1,0,75316.97
41320,201101,1,1,37903.004
28190,201102,0,0,30412.992
42634,201102,0,0,82468.0
40008,201102,0,0,61800.973
33128,201102,0,0,65681.98
40162,201102,0,0,76525.0
41332,201102,0,0,63085.01
25864,201102,0,0,109949.0
38862,201102,0,0,73763.98
37276,201102,0,0,90052.984
39478,201102,0,1,85581.99
32804,201102,0,0,72580.98
37292,201102,0,1,40485.99
42632,201102,0,1,69475.03
40346,201102,0,0,22845.0
44800,201102,0,0,61368.004
29172,201102,0,1,109410.0
27704,201102,0,0,113000.99
44282,201102,0,1,78598.96
39466,201102,0,0,79542.984
37798,201102,0,0,52200.996
28484,201102,0,0,101252.97
19470,201102,0,0,96890.02
31136,201102,0,1,109849.95
14220,201102,0,1,81717.99
45442,201102,0,0,54846.016
35006,201102,0,0,77883.02
38552,201102,0,0,36476.0
43258,201102,0,1,71970.01
8834,201102,0,0,113963.98
31888,201102,0,1,89162.96
45254,201102,0,1,74714.03
35822,201102,0,0,51561.996
28224,201102,0,0,67529.016
16594,201102,0,1,108808.984
40456,201102,0,0,95171.984
40034,201102,0,1,83724.99
33354,201102,0,1,104241.97
43524,201102,0,1,59213.0
39144,201102,0,1,123221.97
34890,201102,0,1,54083.01
36314,201102,0,0,102542.0
33278,201102,0,1,82130.98
40174,201102,0,0,43292.99
39458,201102,0,1,102528.99
43570,201102,0,1,61121.992
13980,201102,0,0,105819.03
42152,201102,0,0,71993.01
39164,201102,0,0,99999.016
36288,201102,0,0,87480.016
16424,201102,0,1,67709.0
24324,201102,1,0,49911.016
25638,201102,1,0,73626.016
42104,201102,1,0,73471.984
21654,201102,1,0,115086.96
38566,201102,1,1,99492.0
10356,201102,1,0,66282.98
14522,201102,1,0,77716.98
42592,201102,1,0,72408.97
42308,201102,1,1,67606.02
4122,201102,1,1,99684.04
31292,201102,1,1,111982.05
38580,201102,1,1,14526.0
31936,201102,1,0,94155.01
39942,201102,1,0,86674.01
40322,201102,1,0,103623.96
38878,201102,1,1,101348.99
43264,201102,1,1,50785.02
44408,201102,1,1,78325.99
42108,201102,1,1,107498.97
30014,201102,1,0,57408.996
33350,201102,1,0,68941.99
25520,201102,1,0,58570.996
39634,201102,1,0,151033.03
16514,201102,1,0,102021.02
40192,201102,1,1,60295.996
22284,201102,1,0,81373.01
39096,201102,1,1,79112.98
29230,201102,1,0,87851.97
38290,201102,1,0,104520.99
12974,201102,1,0,107751.98
38898,201102,1,0,98009.04
23228,201102,1,0,114487.945
8854,201102,1,0,85365.0
39990,201102,1,0,76722.01
16596,201102,1,0,94223.01
23136,201102,1,0,91045.016
14528,201102,1,0,76714.984
36494,201102,1,0,47919.004
23772,201102,1,0,69968.99
24608,201102,1,0,59241.016
42624,201102,1,1,103549.97
44784,201102,1,0,66585.0
38038,201102,1,0,65320.98
40490,201102,1,1,89741.01
40316,201102,1,0,101797.98
17906,201102,1,1,100659.02
36908,201102,1,0,105241.05
40472,201102,1,0,115775.98
40328,201102,1,0,82716.984
38712,201102,1,0,124191.96
36032,201102,1,0,109294.98
43926,201102,1,0,55684.008
40062,201102,1,1,97174.016
14048,201102,1,1,93374.99
41286,201102,1,0,111007.016
25962,201102,1,0,58082.004
29808,201102,1,0,112243.04
26934,201102,1,0,118558.04
35344,201102,1,0,105291.05
42628,201102,1,1,66904.98
44782,201102,1,0,85261.02
14220,201103,0,1,105983.96
44800,201103,0,0,42657.008
45442,201103,0,0,46218.992
28484,201103,0,0,106074.96
35822,201103,0,0,58690.99
44282,201103,0,1,79951.01
42634,201103,0,0,78580.98
31150,201103,0,0,106608.0
38862,201103,0,0,84678.96
40456,201103,0,0,46480.008
42152,201103,0,0,84527.03
31136,201103,0,1,93607.97
43258,201103,0,1,76621.98
33128,201103,0,0,71503.98
32804,201103,0,0,20032.998
34890,201103,0,1,33193.0
36288,201103,0,0,89693.01
28224,201103,0,0,71599.984
41332,201103,0,0,37133.01
36314,201103,0,0,107739.03
25864,201103,0,0,111376.03
33354,201103,0,1,100297.0
40008,201103,0,0,73086.99
29172,201103,0,1,77026.99
40174,201103,0,0,10047.004
39466,201103,0,0,85905.98
38552,201103,0,0,35293.016
39164,201103,0,0,84466.03
31888,201103,0,1,106413.984
43524,201103,0,1,93773.0
40034,201103,0,1,120335.97
37292,201103,0,1,46482.0
35006,201103,0,0,76989.02
28190,201103,0,0,68695.03
39144,201103,0,1,109386.01
37798,201103,0,0,54157.023
16594,201103,0,1,92909.01
8834,201103,0,0,96543.03
39478,201103,0,1,85097.016
16424,201103,0,1,74270.02
19470,201103,0,0,88397.99
40346,201103,0,0,35525.004
13980,201103,0,0,87631.984
27704,201103,0,0,85079.0
33278,201103,0,1,96597.0
43570,201103,0,1,56814.992
40490,201103,1,1,82821.016
37294,201103,1,0,85288.02
12974,201103,1,0,105584.96
40192,201103,1,1,88281.984
29230,201103,1,0,79754.984
24608,201103,1,0,52993.016
23772,201103,1,0,64049.984
38290,201103,1,0,91782.02
8854,201103,1,0,100562.98
33350,201103,1,0,42119.008
30014,201103,1,0,75318.98
36032,201103,1,0,97145.016
43264,201103,1,1,93715.96
39634,201103,1,0,130460.0
42628,201103,1,1,75540.03
42592,201103,1,0,55947.016
40328,201103,1,0,106246.98
25962,201103,1,0,61013.027
40316,201103,1,0,100011.03
16514,201103,1,0,99358.02
43926,201103,1,0,50174.023
44782,201103,1,0,71182.97
38712,201103,1,0,108964.016
22284,201103,1,0,75205.0
38878,201103,1,1,113435.04
29808,201103,1,0,94606.04
40322,201103,1,0,107493.02
39990,201103,1,0,63713.996
42104,201103,1,0,44140.004
25638,201103,1,0,100504.97
43534,201103,1,1,65784.98
35344,201103,1,0,90159.03
38566,201103,1,1,87876.02
21654,201103,1,0,99440.016
36494,201103,1,0,56164.004
44266,201103,1,0,77907.016
36908,201103,1,0,80881.02
31936,201103,1,0,70581.016
39096,201103,1,1,61190.99
14048,201103,1,1,99536.04
39942,201103,1,0,91875.02
42108,201103,1,1,103655.0
42624,201103,1,1,90631.016
42618,201103,1,0,49781.0
10356,201103,1,0,65934.016
26328,201103,1,0,29438.008
26934,201103,1,0,87880.97
17906,201103,1,1,104434.01
38038,201103,1,0,60612.977
4122,201103,1,1,114493.95
40062,201103,1,1,34952.0
44408,201103,1,1,69409.99
16596,201103,1,0,97136.03
41286,201103,1,0,96654.04
42308,201103,1,1,69923.97
38898,201103,1,0,87521.99
44784,201103,1,0,62117.984
25520,201103,1,0,11520.001
40472,201103,1,0,93683.97
38580,201103,1,1,39766.01
23136,201103,1,0,86960.98
24324,201103,1,0,50541.99
31292,201103,1,1,97947.0
14522,201103,1,0,88968.02
8834,201104,0,0,67957.99
14220,201104,0,1,71120.0
13980,201104,0,0,42747.984
31150,201104,0,0,65739.0
40456,201104,0,0,83410.03
39458,201104,0,1,72540.984
40034,201104,0,1,67169.016
37292,201104,0,1,32822.0
39144,201104,0,1,62333.996
40336,201104,0,0,53476.992
38552,201104,0,0,47076.99
28484,201104,0,0,64509.992
32320,201104,0,0,102860.02
28190,201104,0,0,68214.02
38862,201104,0,0,54235.016
19470,201104,0,0,69853.984
25864,201104,0,0,100846.0
35006,201104,0,0,67065.0
45442,201104,0,0,28610.006
42632,201104,0,1,50017.99
31888,201104,0,1,88694.984
37798,201104,0,0,47047.008
27704,201104,0,0,89268.98
44800,201104,0,0,58495.023
39164,201104,0,0,66656.03
35822,201104,0,0,29345.006
33128,201104,0,0,82142.02
16424,201104,0,1,49288.01
31136,201104,0,1,53476.023
40174,201104,0,0,23496.99
43570,201104,0,1,48607.008
42634,201104,0,0,76984.984
40346,201104,0,0,24857.99
29172,201104,0,1,60874.004
40008,201104,0,0,76177.97
36288,201104,0,0,65901.016
39466,201104,0,0,54816.996
33278,201104,0,1,80207.0
33354,201104,0,1,92196.98
36314,201104,0,0,78568.016
43524,201104,0,1,74616.98
28224,201104,0,0,72034.97
43258,201104,0,1,74871.02
43264,201104,1,1,96229.03
12974,201104,1,0,54406.023
42108,201104,1,1,99329.03
44784,201104,1,0,55861.02
42308,201104,1,1,75292.984
43534,201104,1,1,81340.97
42592,201104,1,0,71951.0
23136,201104,1,0,78915.02
44266,201104,1,0,58004.01
40472,201104,1,0,72447.99
38290,201104,1,0,72616.98
24608,201104,1,0,38654.0
14528,201104,1,0,87393.96
26934,201104,1,0,93800.01
38038,201104,1,0,62431.98
42618,201104,1,0,63099.03
8854,201104,1,0,70742.0
29808,201104,1,0,46098.992
41286,201104,1,0,65943.01
38878,201104,1,1,80762.016
39096,201104,1,1,60380.008
25638,201104,1,0,86393.01
25962,201104,1,0,69240.016
14048,201104,1,1,90363.984
23772,201104,1,0,65482.023
38566,201104,1,1,77860.97
33350,201104,1,0,75375.02
4122,201104,1,1,54300.02
39942,201104,1,0,73833.02
40490,201104,1,1,32290.992
43288,201104,1,0,48430.992
38580,201104,1,1,9939.0
14522,201104,1,0,73854.01
16596,201104,1,0,80714.97
25520,201104,1,0,40942.02
38712,201104,1,0,24335.012
44408,201104,1,1,57497.98
40328,201104,1,0,79567.04
43926,201104,1,0,48364.99
10356,201104,1,0,74649.0
21654,201104,1,0,65857.98
36032,201104,1,0,69064.984
35344,201104,1,0,88055.97
42104,201104,1,0,67855.02
44782,201104,1,0,64258.004
42628,201104,1,1,68649.97
40322,201104,1,0,74721.01
40062,201104,1,1,51120.99
36908,201104,1,0,74378.97
42624,201104,1,1,36970.996
16514,201104,1,0,51101.004
24324,201104,1,0,53776.02
29230,201104,1,0,79676.984
38898,201104,1,0,63175.016
39634,201104,1,0,107149.03
30014,201104,1,0,88995.016
22284,201104,1,0,88832.97
39990,201104,1,0,75137.97
26328,201104,1,0,42327.996
40316,201104,1,0,83996.99
37294,201104,1,0,60042.996
31292,201104,1,1,98328.01
39466,201105,0,0,54763.02
14220,201105,0,1,48896.008
19470,201105,0,0,15462.006
36288,201105,0,0,63260.023
40456,201105,0,0,18766.998
27704,201105,0,0,20692.01
37292,201105,0,1,32741.996
28190,201105,0,0,67503.97
36314,201105,0,0,86745.04
28484,201105,0,0,59908.01
31136,201105,0,1,19948.998
33354,201105,0,1,77084.97
35006,201105,0,0,51555.996
39144,201105,0,1,64426.992
32320,201105,0,0,131963.97
33128,201105,0,0,30562.002
45442,201105,0,0,50579.984
39164,201105,0,0,48511.008
45254,201105,0,1,87958.02
37798,201105,0,0,56168.023
44282,201105,0,1,43972.992
42632,201105,0,1,50673.99
13980,201105,0,0,83724.99
28224,201105,0,0,94066.97
38552,201105,0,0,50960.99
40162,201105,0,0,18086.004
38862,201105,0,0,52722.016
25864,201105,0,0,87845.016
43258,201105,0,1,76170.99
44800,201105,0,0,45680.004
33278,201105,0,1,65711.984
40336,201105,0,0,78792.97
39458,201105,0,1,47054.008
31888,201105,0,1,67978.02
43570,201105,0,1,61041.023
40174,201105,0,0,8706.001
42152,201105,0,0,56729.99
40008,201105,0,0,91841.04
35822,201105,0,0,25778.01
40034,201105,0,1,107204.016
29172,201105,0,1,57508.016
16424,201105,0,1,47641.004
42634,201105,0,0,78737.984
40346,201105,0,0,13439.005
43524,201105,0,1,60313.016
23772,201105,1,0,69449.984
40316,201105,1,0,63523.004
39942,201105,1,0,88254.96
8854,201105,1,0,107795.97
37294,201105,1,0,81830.99
43288,201105,1,0,76488.01
42592,201105,1,0,40644.99
16596,201105,1,0,89735.96
38038,201105,1,0,66828.01
14528,201105,1,0,29354.998
23136,201105,1,0,18644.0
44408,201105,1,1,54934.01
25638,201105,1,0,56977.992
40328,201105,1,0,65936.98
44784,201105,1,0,48020.016
4122,201105,1,1,107751.98
38878,201105,1,1,74856.03
40472,201105,1,0,89473.016
33350,201105,1,0,62970.023
30014,201105,1,0,52988.01
14522,201105,1,0,70544.0
42624,201105,1,1,62511.992
26328,201105,1,0,66232.99
16514,201105,1,0,82756.984
31292,201105,1,1,93704.97
26934,201105,1,0,109194.95
10356,201105,1,0,13782.995
35344,201105,1,0,65909.0
31936,201105,1,0,58318.008
38898,201105,1,0,58348.992
39990,201105,1,0,35214.008
42108,201105,1,1,80092.04
12974,201105,1,0,95320.05
36908,201105,1,0,60973.996
39096,201105,1,1,62308.973
17906,201105,1,1,67329.03
43534,201105,1,1,87759.02
38566,201105,1,1,94967.984
24324,201105,1,0,44325.992
44782,201105,1,0,75107.02
43926,201105,1,0,54655.02
40192,201105,1,1,68738.016
40322,201105,1,0,93288.03
25520,201105,1,0,44790.02
29230,201105,1,0,15000.002
41286,201105,1,0,56226.01
38580,201105,1,1,45764.99
14048,201105,1,1,77465.016
21654,201105,1,0,120972.05
25962,201105,1,0,73002.01
42308,201105,1,1,49779.008
22284,201105,1,0,83310.98
36032,201105,1,0,65539.0
44266,201105,1,0,86786.99
39634,201105,1,0,105106.05
24608,201105,1,0,47158.008
40062,201105,1,1,84575.016
43264,201105,1,1,112035.99
38290,201105,1,0,69780.01
36494,201105,1,0,15422.993
42104,201105,1,0,21613.994
42628,201105,1,1,79296.98
40490,201105,1,1,73995.01
35822,201106,0,0,24014.004
42632,201106,0,1,62052.027
8834,201106,0,0,41133.984
36288,201106,0,0,92203.04
44800,201106,0,0,41891.99
40346,201106,0,0,27869.99
35006,201106,0,0,64984.027
31136,201106,0,1,91193.0
39458,201106,0,1,102619.97
43524,201106,0,1,82299.0
36314,201106,0,0,80697.04
38552,201106,0,0,46742.984
31150,201106,0,0,98347.05
37292,201106,0,1,52401.008
45254,201106,0,1,82036.96
37798,201106,0,0,64070.023
13980,201106,0,0,64293.984
43258,201106,0,1,79603.01
40008,201106,0,0,49311.99
39466,201106,0,0,93491.01
40034,201106,0,1,73515.02
28484,201106,0,0,75725.984
27704,201106,0,0,4447.998
33278,201106,0,1,64448.008
32320,201106,0,0,137483.05
14220,201106,0,1,69040.03
33354,201106,0,1,96048.05
31888,201106,0,1,110076.05
43570,201106,0,1,52356.0
42634,201106,0,0,85215.99
42152,201106,0,0,73343.03
39164,201106,0,0,106080.02
44282,201106,0,1,53393.977
39478,201106,0,1,4782.9995
28190,201106,0,0,64849.992
16424,201106,0,1,47752.992
38862,201106,0,0,68283.016
29172,201106,0,1,82604.96
28224,201106,0,0,68863.01
16594,201106,0,1,80656.03
45442,201106,0,0,39298.0
14522,201106,1,0,73508.99
26328,201106,1,0,57167.023
38290,201106,1,0,106411.96
29808,201106,1,0,19075.992
23228,201106,1,0,96443.0
25962,201106,1,0,42864.984
12974,201106,1,0,69980.01
14048,201106,1,1,98961.98
16596,201106,1,0,95768.984
39990,201106,1,0,40311.0
21654,201106,1,0,69054.98
40062,201106,1,1,64820.992
25638,201106,1,0,63898.008
38878,201106,1,1,89992.03
42592,201106,1,0,61482.0
31292,201106,1,1,55263.004
29230,201106,1,0,25656.998
24608,201106,1,0,59632.01
38566,201106,1,1,63692.004
40328,201106,1,0,104689.984
40316,201106,1,0,107083.95
40322,201106,1,0,104109.04
41286,201106,1,0,95575.01
25520,201106,1,0,42985.01
33350,201106,1,0,60978.01
38898,201106,1,0,85573.016
42628,201106,1,1,80858.97
36032,201106,1,0,90923.97
10356,201106,1,0,22312.01
22284,201106,1,0,79525.99
44782,201106,1,0,77489.99
39634,201106,1,0,129816.99
42308,201106,1,1,62451.99
31936,201106,1,0,56810.008
4122,201106,1,1,67630.01
30014,201106,1,0,68601.016
40490,201106,1,1,54465.984
40192,201106,1,1,55767.977
40472,201106,1,0,66036.02
38580,201106,1,1,42541.996
42104,201106,1,0,79794.016
44784,201106,1,0,65626.0
23772,201106,1,0,86993.984
43534,201106,1,1,85914.0
36908,201106,1,0,98195.03
44266,201106,1,0,71786.984
16514,201106,1,0,105689.03
42108,201106,1,1,99688.984
39096,201106,1,1,58770.973
39942,201106,1,0,78477.03
24324,201106,1,0,26502.004
44408,201106,1,1,91205.01
38038,201106,1,0,55636.023
26934,201106,1,0,57559.977
43926,201106,1,0,32175.992
17906,201106,1,1,79536.99
37294,201106,1,0,61314.01
35344,201106,1,0,79342.97
38712,201106,1,0,97700.984
42624,201106,1,1,48463.98
43264,201106,1,1,110914.0
43288,201106,1,0,72270.99
14528,201106,1,0,84936.97
16424,201107,0,1,63801.008
16594,201107,0,1,102489.016
40456,201107,0,0,77702.97
27704,201107,0,0,72525.97
42634,201107,0,0,26032.0
39144,201107,0,1,74142.0
29172,201107,0,1,56784.008
32320,201107,0,0,112097.016
43570,201107,0,1,49694.008
35822,201107,0,0,42756.996
38552,201107,0,0,39259.008
31888,201107,0,1,90273.98
33278,201107,0,1,81735.99
40008,201107,0,0,62691.996
28484,201107,0,0,77809.97
8834,201107,0,0,92282.04
13980,201107,0,0,13183.006
25864,201107,0,0,99468.0
45442,201107,0,0,38224.99
42152,201107,0,0,78302.99
37798,201107,0,0,17756.006
39164,201107,0,0,97301.99
38862,201107,0,0,73067.97
37292,201107,0,1,37160.996
35006,201107,0,0,59723.016
45254,201107,0,1,79514.016
44800,201107,0,0,48799.02
31150,201107,0,0,50884.984
39458,201107,0,1,89416.98
40336,201107,0,0,28044.012
42632,201107,0,1,67575.984
33354,201107,0,1,101422.96
40034,201107,0,1,86120.97
19470,201107,0,0,27042.008
28224,201107,0,0,68916.03
40346,201107,0,0,25517.008
33128,201107,0,0,30067.014
36288,201107,0,0,87921.04
43524,201107,0,1,46168.992
31136,201107,0,1,70225.03
36314,201107,0,0,92991.0
39466,201107,0,0,86394.0
43258,201107,0,1,85386.01
14220,201107,0,1,91515.97
28190,201107,0,0,62163.023
41286,201107,1,0,83010.01
25520,201107,1,0,36314.01
26328,201107,1,0,34368.008
10356,201107,1,0,70738.97
24324,201107,1,0,37134.0
14048,201107,1,1,28857.01
30014,201107,1,0,59012.023
39942,201107,1,0,74554.02
24608,201107,1,0,52817.99
42308,201107,1,1,61439.977
39096,201107,1,1,44791.984
36908,201107,1,0,69221.99
38580,201107,1,1,43305.004
12974,201107,1,0,88157.98
42592,201107,1,0,77051.97
40192,201107,1,1,87597.98
26934,201107,1,0,70991.99
43926,201107,1,0,28947.004
38712,201107,1,0,76845.984
39990,201107,1,0,75325.016
42628,201107,1,1,73314.01
40316,201107,1,0,98347.05
44408,201107,1,1,94905.97
44784,201107,1,0,44407.992
16596,201107,1,0,85529.04
38898,201107,1,0,80885.04
33350,201107,1,0,65453.992
40328,201107,1,0,89945.016
23136,201107,1,0,76509.02
43288,201107,1,0,70345.01
23228,201107,1,0,121938.055
43264,201107,1,1,90096.02
4122,201107,1,1,65030.027
25962,201107,1,0,75614.99
39634,201107,1,0,119356.016
25638,201107,1,0,73670.97
38038,201107,1,0,56600.023
36032,201107,1,0,81323.98
29230,201107,1,0,66364.0
35344,201107,1,0,72632.98
40490,201107,1,1,42830.99
8854,201107,1,0,95754.01
44782,201107,1,0,58685.0
22284,201107,1,0,75766.0
17906,201107,1,1,69623.0
38566,201107,1,1,57667.996
14528,201107,1,0,40434.016
44266,201107,1,0,50995.992
31936,201107,1,0,30546.994
29808,201107,1,0,95470.98
38290,201107,1,0,63001.02
40062,201107,1,1,17264.996
21654,201107,1,0,94386.96
42624,201107,1,1,62524.992
14522,201107,1,0,74858.02
31292,201107,1,1,73358.0
42104,201107,1,0,85738.02
40472,201107,1,0,54623.023
42108,201107,1,1,98284.98
38878,201107,1,1,83276.98
23772,201107,1,0,45792.01
40322,201107,1,0,101218.016
37294,201107,1,0,55557.977
43534,201107,1,1,81872.984
14220,201108,0,1,76500.99
39144,201108,0,1,80098.984
16424,201108,0,1,51168.984
33278,201108,0,1,66897.01
28190,201108,0,0,71919.03
33128,201108,0,0,73512.984
36314,201108,0,0,32387.986
37276,201108,0,0,52446.004
42634,201108,0,0,66223.016
31888,201108,0,1,97910.016
13980,201108,0,0,119348.96
42152,201108,0,0,80309.02
27704,201108,0,0,88967.01
45442,201108,0,0,44849.99
32320,201108,0,0,64542.977
39458,201108,0,1,77059.02
44800,201108,0,0,62474.03
45254,201108,0,1,39651.99
36288,201108,0,0,54680.98
35822,201108,0,0,66147.02
31136,201108,0,1,64798.99
43570,201108,0,1,69058.01
8834,201108,0,0,81840.98
39164,201108,0,0,84003.0
44282,201108,0,1,74807.0
40456,201108,0,0,93476.03
38552,201108,0,0,32292.008
38862,201108,0,0,56907.992
40034,201108,0,1,79728.98
28224,201108,0,0,92902.984
43524,201108,0,1,56900.992
42632,201108,0,1,49400.008
19470,201108,0,0,106472.97
39466,201108,0,0,87778.02
33354,201108,0,1,34396.996
16594,201108,0,1,82783.03
43258,201108,0,1,59094.98
40346,201108,0,0,23817.992
37798,201108,0,0,13071.997
37292,201108,0,1,33261.0
31150,201108,0,0,62626.023
29172,201108,0,1,87637.0
40336,201108,0,0,21010.004
28484,201108,0,0,82023.04
40162,201108,0,0,30352.0
25864,201108,0,0,95791.0
40008,201108,0,0,68833.99
24324,201108,1,0,26661.0
40192,201108,1,1,80426.984
25962,201108,1,0,73087.97
23136,201108,1,0,84672.984
16514,201108,1,0,52476.023
26934,201108,1,0,86317.984
29808,201108,1,0,80990.01
22284,201108,1,0,80698.04
39942,201108,1,0,69593.0
41286,201108,1,0,57935.016
25520,201108,1,0,58869.98
38878,201108,1,1,87259.96
25638,201108,1,0,75314.02
39990,201108,1,0,66954.0
31292,201108,1,1,96375.98
42108,201108,1,1,70443.02
40316,201108,1,0,88846.016
42628,201108,1,1,77644.97
33350,201108,1,0,61039.973
14528,201108,1,0,101705.984
38898,201108,1,0,81721.96
42592,201108,1,0,62712.984
43264,201108,1,1,72674.0
39096,201108,1,1,92912.99
42104,201108,1,0,58820.99
40322,201108,1,0,52687.99
38566,201108,1,1,77552.016
40490,201108,1,1,46760.016
38580,201108,1,1,101063.016
31936,201108,1,0,68946.01
16596,201108,1,0,69966.99
30014,201108,1,0,68812.984
43534,201108,1,1,67202.016
44784,201108,1,0,58091.977
44782,201108,1,0,72018.0
10356,201108,1,0,77450.02
35344,201108,1,0,101472.016
36032,201108,1,0,44784.98
26328,201108,1,0,45584.0
43288,201108,1,0,40068.004
23228,201108,1,0,108757.01
21654,201108,1,0,22931.002
14048,201108,1,1,73074.03
38038,201108,1,0,73718.97
44266,201108,1,0,54661.01
12974,201108,1,0,99851.97
40472,201108,1,0,87531.01
24608,201108,1,0,62652.008
42624,201108,1,1,88394.03
37294,201108,1,0,93214.04
44408,201108,1,1,89716.02
23772,201108,1,0,66678.98
14522,201108,1,0,75702.01
4122,201108,1,1,100092.04
39634,201108,1,0,104559.98
43926,201108,1,0,44196.996
38712,201108,1,0,76825.02
40328,201108,1,0,79104.98
36908,201108,1,0,75483.0
29230,201108,1,0,78274.99
8854,201108,1,0,42441.984
40008,201109,0,0,71966.03
37292,201109,0,1,45986.01
28224,201109,0,0,42229.008
16424,201109,0,1,62515.99
45254,201109,0,1,46335.02
28190,201109,0,0,66981.016
32320,201109,0,0,104594.98
31888,201109,0,1,89466.96
13980,201109,0,0,98223.04
39466,201109,0,0,76637.984
43258,201109,0,1,73402.02
35822,201109,0,0,55839.98
38552,201109,0,0,36782.984
31136,201109,0,1,29676.986
40456,201109,0,0,88516.016
45442,201109,0,0,52362.992
27704,201109,0,0,88931.98
33278,201109,0,1,97969.05
44800,201109,0,0,61773.984
36288,201109,0,0,83953.02
40162,201109,0,0,74668.016
44282,201109,0,1,56793.0
42632,201109,0,1,59321.973
37276,201109,0,0,27353.986
37798,201109,0,0,49387.008
16594,201109,0,1,63369.01
28484,201109,0,0,68241.02
31150,201109,0,0,88204.984
40034,201109,0,1,105102.03
39144,201109,0,1,86599.98
14220,201109,0,1,76219.97
42634,201109,0,0,29181.996
8834,201109,0,0,99640.03
33354,201109,0,1,85414.02
35006,201109,0,0,37072.008
40336,201109,0,0,70340.984
43570,201109,0,1,51172.008
29172,201109,0,1,61530.98
42152,201109,0,0,72290.98
19470,201109,0,0,93157.97
38862,201109,0,0,60288.0
39164,201109,0,0,84323.016
33128,201109,0,0,77817.02
23772,201109,1,0,66359.0
25520,201109,1,0,53905.977
36908,201109,1,0,79226.0
35344,201109,1,0,69757.984
21654,201109,1,0,63180.98
16514,201109,1,0,72828.99
43534,201109,1,1,85704.016
23228,201109,1,0,106674.0
42624,201109,1,1,69554.98
39096,201109,1,1,83753.984
38566,201109,1,1,65691.0
39990,201109,1,0,70336.02
24608,201109,1,0,61276.016
43926,201109,1,0,47068.01
42628,201109,1,1,88009.04
42104,201109,1,0,62591.99
39942,201109,1,0,50589.008
30014,201109,1,0,63881.008
40192,201109,1,1,74423.03
38038,201109,1,0,67035.016
44266,201109,1,0,61296.004
43288,201109,1,0,20951.998
38712,201109,1,0,105530.0
40328,201109,1,0,54780.99
31292,201109,1,1,90180.01
41286,201109,1,0,59238.02
17906,201109,1,1,13231.006
12974,201109,1,0,108733.984
29230,201109,1,0,75417.016
37294,201109,1,0,87553.96
42592,201109,1,0,51269.02
40472,201109,1,0,90059.0
38898,201109,1,0,74754.016
25962,201109,1,0,65781.02
40316,201109,1,0,80059.96
44784,201109,1,0,51116.016
40490,201109,1,1,78391.98
8854,201109,1,0,102367.984
16596,201109,1,0,75954.03
10356,201109,1,0,75261.03
26934,201109,1,0,84728.96
44782,201109,1,0,70270.984
14528,201109,1,0,86783.016
29808,201109,1,0,103903.02
38580,201109,1,1,112261.984
40322,201109,1,0,82261.97
23136,201109,1,0,75464.0
4122,201109,1,1,106773.95
43264,201109,1,1,74878.016
25638,201109,1,0,75511.01
31936,201109,1,0,65735.99
44408,201109,1,1,79081.97
38878,201109,1,1,90382.0
36032,201109,1,0,51340.992
14048,201109,1,1,70830.98
26328,201109,1,0,58200.996
24324,201109,1,0,14391.997
39634,201109,1,0,113272.02
42108,201109,1,1,92082.04
22284,201109,1,0,76887.03
19470,201110,0,0,103154.04
29172,201110,0,1,79237.03
42632,201110,0,1,60215.027
40034,201110,0,1,34935.004
37276,201110,0,0,5809.998
33354,201110,0,1,88520.99
40336,201110,0,0,23031.006
36288,201110,0,0,80883.03
44800,201110,0,0,67598.02
43570,201110,0,1,34598.008
39144,201110,0,1,80046.984
32320,201110,0,0,97310.99
16424,201110,0,1,75359.0
14220,201110,0,1,77671.04
37292,201110,0,1,50596.004
44282,201110,0,1,49761.02
35822,201110,0,0,43540.01
42152,201110,0,0,73142.984
35006,201110,0,0,54388.02
33128,201110,0,0,85590.97
40162,201110,0,0,82818.96
33278,201110,0,1,53934.004
39458,201110,0,1,49166.98
28224,201110,0,0,81340.97
39164,201110,0,0,25927.988
8834,201110,0,0,107819.0
28190,201110,0,0,74606.016
36314,201110,0,0,69658.0
39466,201110,0,0,75611.03
16594,201110,0,1,105203.016
31136,201110,0,1,61028.973
27704,201110,0,0,104831.95
40456,201110,0,0,94627.97
38552,201110,0,0,48657.977
43258,201110,0,1,47822.996
13980,201110,0,0,99251.01
31888,201110,0,1,75047.02
45442,201110,0,0,58305.996
45254,201110,0,1,63130.027
40008,201110,0,0,68193.99
38862,201110,0,0,53353.0
37798,201110,0,0,57270.977
42634,201110,0,0,63335.0
31150,201110,0,0,51683.992
39096,201110,1,1,93755.02
25962,201110,1,0,74641.03
24324,201110,1,0,29717.996
21654,201110,1,0,111243.98
23136,201110,1,0,37402.984
38038,201110,1,0,72140.98
36032,201110,1,0,73967.0
22284,201110,1,0,76186.98
10356,201110,1,0,78261.03
12974,201110,1,0,114281.016
38878,201110,1,1,105855.98
40316,201110,1,0,82376.98
38898,201110,1,0,74890.016
40322,201110,1,0,86492.016
40490,201110,1,1,85467.97
39942,201110,1,0,63212.02
37294,201110,1,0,100788.02
33350,201110,1,0,61822.016
43264,201110,1,1,90819.98
41286,201110,1,0,71752.01
39990,201110,1,0,53766.992
14048,201110,1,1,69624.99
39634,201110,1,0,120589.98
44784,201110,1,0,52113.004
43926,201110,1,0,51619.02
38712,201110,1,0,104539.04
43288,201110,1,0,24424.99
23228,201110,1,0,108504.02
42624,201110,1,1,82128.0
26328,201110,1,0,47303.0
38580,201110,1,1,116903.0
44266,201110,1,0,70833.01
44408,201110,1,1,65999.01
42104,201110,1,0,54191.02
43534,201110,1,1,80461.96
35344,201110,1,0,84027.04
29230,201110,1,0,13592.999
8854,201110,1,0,115481.99
42628,201110,1,1,73547.98
30014,201110,1,0,70655.97
42592,201110,1,0,51512.992
24608,201110,1,0,61677.973
31936,201110,1,0,91949.01
44782,201110,1,0,72257.0
40472,201110,1,0,95322.05
16514,201110,1,0,90650.03
40192,201110,1,1,76294.0
38566,201110,1,1,91839.984
36908,201110,1,0,86727.01
14528,201110,1,0,98770.016
40328,201110,1,0,57059.992
23772,201110,1,0,71689.016
42108,201110,1,1,93005.99
14522,201110,1,0,64178.02
4122,201110,1,1,112111.984
16596,201110,1,0,90754.0
26934,201110,1,0,105507.96
17906,201110,1,1,93136.02
31292,201110,1,1,100372.016
29808,201110,1,0,110227.01
25638,201110,1,0,63093.977
40456,201111,0,0,98725.0
14220,201111,0,1,93763.97
28224,201111,0,0,49000.992
28190,201111,0,0,77989.016
13980,201111,0,0,92101.98
44282,201111,0,1,60731.01
42632,201111,0,1,67197.016
38552,201111,0,0,46016.02
33128,201111,0,0,58820.99
43570,201111,0,1,53033.004
39144,201111,0,1,84833.02
42152,201111,0,0,58715.008
27704,201111,0,0,102108.04
28484,201111,0,0,66172.01
36288,201111,0,0,75744.98
31888,201111,0,1,100853.02
32320,201111,0,0,102397.96
19470,201111,0,0,86370.02
45442,201111,0,0,41377.01
37292,201111,0,1,58509.027
8834,201111,0,0,106989.02
44800,201111,0,0,65322.973
29172,201111,0,1,59480.99
35822,201111,0,0,52593.008
31150,201111,0,0,74861.02
37798,201111,0,0,49757.98
45254,201111,0,1,76695.016
38862,201111,0,0,75180.98
33354,201111,0,1,78814.016
39458,201111,0,1,88868.984
42634,201111,0,0,69195.0
31136,201111,0,1,25403.01
39164,201111,0,0,77780.96
40008,201111,0,0,60652.99
33278,201111,0,1,57651.004
36314,201111,0,0,64274.98
16424,201111,0,1,75245.03
39466,201111,0,0,77211.0
25638,201111,1,0,74692.016
4122,201111,1,1,108220.97
29230,201111,1,0,20606.994
44782,201111,1,0,79322.016
40472,201111,1,0,73982.02
21654,201111,1,0,109480.98
36908,201111,1,0,70369.97
17906,201111,1,1,84201.99
40192,201111,1,1,82184.02
25962,201111,1,0,60785.016
39942,201111,1,0,63620.977
40490,201111,1,1,99053.0
39990,201111,1,0,52031.016
33350,201111,1,0,49758.977
40322,201111,1,0,73569.02
43264,201111,1,1,93682.01
43534,201111,1,1,79459.96
31292,201111,1,1,74896.016
38898,201111,1,0,94070.016
23228,201111,1,0,113375.99
12974,201111,1,0,108654.99
44784,201111,1,0,54323.016
42628,201111,1,1,78562.99
39634,201111,1,0,123915.95
37294,201111,1,0,101351.99
23772,201111,1,0,79502.03
44266,201111,1,0,78212.984
24324,201111,1,0,23395.008
26934,201111,1,0,113895.96
40316,201111,1,0,89390.97
38580,201111,1,1,107240.016
35344,201111,1,0,80411.03
23136,201111,1,0,88293.016
8854,201111,1,0,103545.03
24608,201111,1,0,61726.992
38566,201111,1,1,100628.016
14048,201111,1,1,61268.008
42104,201111,1,0,29869.014
38038,201111,1,0,84733.98
36032,201111,1,0,75065.99
38712,201111,1,0,94692.97
26328,201111,1,0,29949.992
22284,201111,1,0,72963.03
25520,201111,1,0,57771.98
44408,201111,1,1,76873.984
16596,201111,1,0,73098.01
30014,201111,1,0,62380.977
10356,201111,1,0,76199.984
29808,201111,1,0,107055.98
41286,201111,1,0,48326.996
40328,201111,1,0,50313.984
14528,201111,1,0,49443.984
42592,201111,1,0,61434.996
38878,201111,1,1,81226.01
43926,201111,1,0,46350.0
16514,201111,1,0,67480.03
39096,201111,1,1,76854.99
42624,201111,1,1,64242.99
42108,201111,1,1,73236.02
31936,201111,1,0,109004.03
29172,201112,0,1,87049.01
19470,201112,0,0,108178.97
16424,201112,0,1,53003.98
32320,201112,0,0,35751.016
37292,201112,0,1,60127.977
38552,201112,0,0,47477.992
13980,201112,0,0,91066.03
35822,201112,0,0,51460.996
38862,201112,0,0,74817.984
27704,201112,0,0,102940.0
39164,201112,0,0,88979.99
42632,201112,0,1,76144.99
31150,201112,0,0,91707.04
39458,201112,0,1,86486.984
36288,201112,0,0,75177.03
36314,201112,0,0,92516.96
37798,201112,0,0,60189.996
40162,201112,0,0,73853.02
28484,201112,0,0,87795.016
45442,201112,0,0,45479.008
39466,201112,0,0,62143.996
44800,201112,0,0,60527.023
14220,201112,0,1,77775.03
8834,201112,0,0,102370.03
39144,201112,0,1,35981.008
42634,201112,0,0,71565.99
42152,201112,0,0,77749.96
44282,201112,0,1,75415.01
33128,201112,0,0,36816.01
40008,201112,0,0,55219.01
43258,201112,0,1,71676.984
43570,201112,0,1,69449.984
45254,201112,0,1,67464.01
25864,201112,0,0,106073.04
28224,201112,0,0,30206.002
33278,201112,0,1,92871.98
31888,201112,0,1,98855.95
40456,201112,0,0,97642.95
31136,201112,0,1,58246.973
28190,201112,0,0,70514.0
16594,201112,0,1,82077.97
33354,201112,0,1,93807.97
25638,201112,1,0,80143.0
42624,201112,1,1,66904.02
16514,201112,1,0,71314.99
21654,201112,1,0,99679.0
14528,201112,1,0,100712.02
44782,201112,1,0,79471.03
8854,201112,1,0,100963.016
40328,201112,1,0,62442.996
40316,201112,1,0,92062.016
40490,201112,1,1,96408.98
40322,201112,1,0,58449.02
38290,201112,1,0,95742.05
39096,201112,1,1,41445.02
44266,201112,1,0,82324.984
42628,201112,1,1,27707.01
14048,201112,1,1,99186.0
23228,201112,1,0,92963.96
31936,201112,1,0,44576.996
43264,201112,1,1,91614.99
44408,201112,1,1,41543.0
12974,201112,1,0,93973.984
29808,201112,1,0,93845.016
42108,201112,1,1,89945.96
30014,201112,1,0,73361.99
39942,201112,1,0,75335.0
29230,201112,1,0,54581.992
41286,201112,1,0,25676.998
36908,201112,1,0,77044.03
40192,201112,1,1,98689.04
26328,201112,1,0,20081.01
38566,201112,1,1,97955.97
38878,201112,1,1,79454.96
25962,201112,1,0,73758.984
24324,201112,1,0,26612.988
43534,201112,1,1,84476.99
24608,201112,1,0,49819.992
38580,201112,1,1,115757.984
4122,201112,1,1,105377.03
38898,201112,1,0,87654.97
10356,201112,1,0,77668.0
23772,201112,1,0,74064.97
42592,201112,1,0,52167.008
26934,201112,1,0,112771.04
40472,201112,1,0,83921.97
43926,201112,1,0,60073.984
39634,201112,1,0,111045.02
16596,201112,1,0,98314.04
38038,201112,1,0,73871.97
22284,201112,1,0,73766.016
31292,201112,1,1,81580.01
44784,201112,1,0,57668.99
37294,201112,1,0,104111.02
23136,201112,1,0,87718.02
25520,201112,1,0,50759.99
17906,201112,1,1,95222.01
40456,201113,0,0,108069.05
27704,201113,0,0,91135.97
43258,201113,0,1,70781.01
37798,201113,0,0,59950.02
39458,201113,0,1,66249.99
17160,201113,0,1,85586.97
33354,201113,0,1,95074.01
39164,201113,0,0,54592.977
25864,201113,0,0,92657.98
42634,201113,0,0,41050.004
33278,201113,0,1,84036.016
36314,201113,0,0,69201.0
42152,201113,0,0,78257.0
38862,201113,0,0,57347.0
29172,201113,0,1,67321.0
32320,201113,0,0,41953.0
31136,201113,0,1,37023.992
44800,201113,0,0,55665.0
6278,201113,0,1,72609.016
42632,201113,0,1,86147.01
16424,201113,0,1,69302.98
37292,201113,0,1,63367.984
45442,201113,0,0,17380.008
33128,201113,0,0,71897.016
45254,201113,0,1,56079.01
28484,201113,0,0,33717.996
19470,201113,0,0,106079.01
28190,201113,0,0,83645.984
31150,201113,0,0,70784.99
40162,201113,0,0,87428.97
43570,201113,0,1,52346.016
35822,201113,0,0,59058.98
39144,201113,0,1,74468.97
31888,201113,0,1,104537.04
8834,201113,0,0,104366.01
16594,201113,0,1,58889.016
28224,201113,0,0,90073.0
26634,201113,0,0,85337.0
39466,201113,0,0,84933.0
38552,201113,0,0,42834.992
23136,201113,1,0,98968.96
16596,201113,1,0,80665.03
22284,201113,1,0,92507.96
40316,201113,1,0,95694.03
25520,201113,1,0,49491.02
24324,201113,1,0,27550.996
4122,201113,1,1,130778.02
38878,201113,1,1,104223.98
25962,201113,1,0,77579.016
21654,201113,1,0,108408.97
40192,201113,1,1,82621.03
39990,201113,1,0,22505.004
36908,201113,1,0,67040.0
29808,201113,1,0,115341.0
14048,201113,1,1,87405.96
12974,201113,1,0,119736.01
42108,201113,1,1,104543.02
38566,201113,1,1,76326.02
38038,201113,1,0,76814.03
31292,201113,1,1,99125.95
44408,201113,1,1,57503.023
8854,201113,1,0,133327.0
39942,201113,1,0,73690.99
30014,201113,1,0,95170.984
38580,201113,1,1,106965.05
25638,201113,1,0,74558.01
31936,201113,1,0,114293.984
43264,201113,1,1,56206.977
40490,201113,1,1,63417.016
37294,201113,1,0,120153.984
24608,201113,1,0,46686.004
23228,201113,1,0,115499.945
38712,201113,1,0,81067.984
14528,201113,1,0,94654.95
26934,201113,1,0,118926.984
44266,201113,1,0,78522.02
35344,201113,1,0,89792.03
43534,201113,1,1,83393.016
42592,201113,1,0,40114.992
39096,201113,1,1,44563.01
10356,201113,1,0,92486.97
40322,201113,1,0,106899.984
36032,201113,1,0,78548.984
23772,201113,1,0,85337.98
40328,201113,1,0,73933.99
44782,201113,1,0,57619.016
29230,201113,1,0,80786.98
38290,201113,1,0,76375.03
42628,201113,1,1,65668.01
44784,201113,1,0,58726.992
39634,201113,1,0,126756.945
42624,201113,1,1,93454.99
38898,201113,1,0,87045.02
43926,201113,1,0,55440.0
26328,201113,1,0,35764.008
40472,201113,1,0,115256.0
28224,201114,0,0,79426.02
28190,201114,0,0,68390.02
8834,201114,0,0,100759.96
43570,201114,0,1,55663.992
33278,201114,0,1,65353.008
13980,201114,0,0,19029.006
16424,201114,0,1,66909.0
45254,201114,0,1,63406.977
26634,201114,0,0,58579.992
37798,201114,0,0,45595.0
19470,201114,0,0,77054.03
39164,201114,0,0,71121.02
31150,201114,0,0,64873.992
7720,201114,0,1,37148.984
32320,201114,0,0,106406.984
42152,201114,0,0,62300.0
40008,201114,0,0,52607.004
37292,201114,0,1,54320.01
33128,201114,0,0,75839.016
45442,201114,0,0,36346.996
36314,201114,0,0,96699.95
33354,201114,0,1,89595.98
40162,201114,0,0,81832.01
38552,201114,0,0,6835.002
43258,201114,0,1,75356.984
44282,201114,0,1,47634.008
15444,201114,0,0,54908.977
17160,201114,0,1,51996.99
27704,201114,0,0,80180.99
25864,201114,0,0,80854.03
38862,201114,0,0,56803.02
35822,201114,0,0,48603.02
42632,201114,0,1,72580.01
39466,201114,0,0,75937.01
36288,201114,0,0,65162.01
39458,201114,0,1,76112.03
40456,201114,0,0,111281.016
6278,201114,0,1,36688.99
44800,201114,0,0,59688.0
39144,201114,0,1,39257.996
31888,201114,0,1,97087.04
16594,201114,0,1,72379.0
43264,201114,1,1,58509.977
29808,201114,1,0,93024.98
33350,201114,1,0,64430.99
23136,201114,1,0,106167.97
43926,201114,1,0,53855.98
38038,201114,1,0,81697.96
38712,201114,1,0,82466.98
39942,201114,1,0,68068.98
42628,201114,1,1,79832.984
40322,201114,1,0,87573.0
4122,201114,1,1,93600.02
25520,201114,1,0,30803.994
39990,201114,1,0,46459.0
40192,201114,1,1,68058.01
35344,201114,1,0,73557.03
38566,201114,1,1,74157.984
40490,201114,1,1,65490.02
23228,201114,1,0,65233.016
43534,201114,1,1,79931.03
44266,201114,1,0,62492.98
31292,201114,1,1,73868.02
10356,201114,1,0,82261.97
44784,201114,1,0,33377.01
39634,201114,1,0,115501.05
12974,201114,1,0,90867.02
29230,201114,1,0,69529.98
42592,201114,1,0,60978.01
14048,201114,1,1,80826.97
23772,201114,1,0,81874.0
38580,201114,1,1,107959.03
14528,201114,1,0,9057.999
38290,201114,1,0,96811.98
14522,201114,1,0,69902.03
16514,201114,1,0,88430.96
30014,201114,1,0,86140.03
25638,201114,1,0,85090.04
26934,201114,1,0,79239.98
37294,201114,1,0,100940.01
36908,201114,1,0,68329.984
40328,201114,1,0,60077.02
8854,201114,1,0,88881.016
36032,201114,1,0,72075.03
25962,201114,1,0,87797.03
38878,201114,1,1,101383.02
31936,201114,1,0,79483.01
44782,201114,1,0,84659.984
24324,201114,1,0,13765.997
22284,201114,1,0,78205.97
42624,201114,1,1,67480.99
26328,201114,1,0,36716.01
21654,201114,1,0,96646.02
16596,201114,1,0,59573.977
38898,201114,1,0,63740.98
39096,201114,1,1,60649.98
24608,201114,1,0,38915.99
44408,201114,1,1,64665.027
40316,201114,1,0,60537.99
40472,201114,1,0,88237.96
33128,201115,0,0,71660.99
37292,201115,0,1,91394.03
28190,201115,0,0,44779.984
44282,201115,0,1,73669.984
13980,201115,0,0,113666.02
6278,201115,0,1,19029.006
7720,201115,0,1,64995.99
27704,201115,0,0,135315.95
26634,201115,0,0,107121.03
40336,201115,0,0,16413.996
44800,201115,0,0,85678.03
40162,201115,0,0,94411.99
37798,201115,0,0,70698.03
42152,201115,0,0,77467.97
39144,201115,0,1,60468.0
39164,201115,0,0,61553.99
33278,201115,0,1,58678.008
39458,201115,0,1,82151.03
25864,201115,0,0,92424.984
39466,201115,0,0,71085.016
16594,201115,0,1,40538.996
42634,201115,0,0,63507.01
36288,201115,0,0,62787.008
8834,201115,0,0,120526.97
15444,201115,0,0,97387.02
32320,201115,0,0,98850.96
45254,201115,0,1,67051.0
33354,201115,0,1,98320.04
17160,201115,0,1,72713.03
28224,201115,0,0,98299.04
16424,201115,0,1,19556.994
36314,201115,0,0,104499.96
40456,201115,0,0,80188.03
29172,201115,0,1,79611.97
42632,201115,0,1,85883.04
40008,201115,0,0,131404.98
43258,201115,0,1,83855.01
38862,201115,0,0,57548.01
45442,201115,0,0,63735.996
19470,201115,0,0,115769.02
35822,201115,0,0,75626.97
31150,201115,0,0,67447.984
43570,201115,0,1,83829.98
31888,201115,0,1,81740.984
8854,201115,1,0,145066.95
44408,201115,1,1,60345.008
14522,201115,1,0,61844.01
22284,201115,1,0,87547.03
43534,201115,1,1,86283.01
21654,201115,1,0,139303.98
25962,201115,1,0,88789.01
4122,201115,1,1,119263.97
35344,201115,1,0,88958.016
16596,201115,1,0,103039.99
16514,201115,1,0,66021.984
25638,201115,1,0,88557.98
29808,201115,1,0,141719.05
37294,201115,1,0,84950.01
42628,201115,1,1,79703.97
42592,201115,1,0,68320.016
38566,201115,1,1,133033.98
42108,201115,1,1,103314.02
39942,201115,1,0,90589.016
33350,201115,1,0,66376.98
38712,201115,1,0,103759.05
44784,201115,1,0,78439.016
43926,201115,1,0,68807.016
42624,201115,1,1,95553.04
39096,201115,1,1,98596.0
24324,201115,1,0,9904.001
39990,201115,1,0,64586.016
14048,201115,1,1,101085.95
12974,201115,1,0,116671.0
44266,201115,1,0,59003.02
38038,201115,1,0,88369.0
24608,201115,1,0,105459.98
43264,201115,1,1,90201.0
40192,201115,1,1,92901.03
38580,201115,1,1,129829.0
29230,201115,1,0,32103.992
26934,201115,1,0,163024.0
31936,201115,1,0,106711.04
25520,201115,1,0,59399.984
40328,201115,1,0,64810.98
14528,201115,1,0,42170.01
36032,201115,1,0,67891.984
23228,201115,1,0,120602.055
38290,201115,1,0,21474.998
30014,201115,1,0,107346.016
39634,201115,1,0,98126.04
26328,201115,1,0,9764.002
31292,201115,1,1,40929.992
40316,201115,1,0,73988.02
23772,201115,1,0,75683.97
40322,201115,1,0,117635.98
44782,201115,1,0,98167.04
38878,201115,1,1,113296.01
23136,201115,1,0,77680.0
10356,201115,1,0,100981.02
40490,201115,1,1,103869.04
36908,201115,1,0,76845.984
40472,201115,1,0,111281.97
38898,201115,1,0,59062.98
19470,201116,0,0,120275.97
27704,201116,0,0,140321.06
28190,201116,0,0,79890.03
13980,201116,0,0,116144.016
33354,201116,0,1,104926.98
42152,201116,0,0,67709.97
17160,201116,0,1,96097.98
39458,201116,0,1,19152.006
38862,201116,0,0,80568.01
36288,201116,0,0,84588.97
39164,201116,0,0,98443.04
37798,201116,0,0,76272.98
16594,201116,0,1,57755.01
43258,201116,0,1,81334.99
28224,201116,0,0,96953.984
44800,201116,0,0,3511.0002
31888,201116,0,1,114586.04
15444,201116,0,0,104737.02
43570,201116,0,1,74019.0
31150,201116,0,0,30174.014
33128,201116,0,0,75342.98
7720,201116,0,1,70033.016
39144,201116,0,1,83551.03
32320,201116,0,0,61470.98
16424,201116,0,1,19564.996
25864,201116,0,0,75980.984
37292,201116,0,1,121880.04
44282,201116,0,1,79696.98
40162,201116,0,0,68516.016
40008,201116,0,0,133862.98
42632,201116,0,1,63938.97
6278,201116,0,1,88937.99
45254,201116,0,1,65851.01
36314,201116,0,0,99600.984
29172,201116,0,1,71773.02
39466,201116,0,0,84162.98
35822,201116,0,0,74292.98
33278,201116,0,1,79076.016
40336,201116,0,0,17619.996
26634,201116,0,0,111709.945
40456,201116,0,0,96754.01
45442,201116,0,0,27217.01
8854,201116,1,0,120573.99
42108,201116,1,1,77230.0
31936,201116,1,0,87912.984
23228,201116,1,0,120119.95
38898,201116,1,0,84977.96
40490,201116,1,1,103529.04
40192,201116,1,1,73566.01
29808,201116,1,0,44650.008
14522,201116,1,0,68080.016
40472,201116,1,0,101226.03
24324,201116,1,0,6973.999
4122,201116,1,1,95490.0
30014,201116,1,0,76788.03
38290,201116,1,0,68739.0
39990,201116,1,0,74398.98
38566,201116,1,1,69992.02
40328,201116,1,0,73526.03
38712,201116,1,0,107251.98
37294,201116,1,0,131388.95
38038,201116,1,0,80306.04
40322,201116,1,0,105823.98
22284,201116,1,0,101796.03
25520,201116,1,0,70386.016
36032,201116,1,0,81315.99
16514,201116,1,0,89714.99
39634,201116,1,0,101533.97
24608,201116,1,0,76475.98
44784,201116,1,0,93224.98
38580,201116,1,1,124681.96
42592,201116,1,0,67219.0
42628,201116,1,1,83715.016
14048,201116,1,1,83982.016
43534,201116,1,1,61261.992
21654,201116,1,0,117316.01
35344,201116,1,0,86008.03
26328,201116,1,0,32969.004
23772,201116,1,0,120594.0
44266,201116,1,0,63945.008
14528,201116,1,0,109177.05
44408,201116,1,1,72828.02
25962,201116,1,0,93284.03
44782,201116,1,0,60591.01
40316,201116,1,0,79694.01
31292,201116,1,1,60415.027
25638,201116,1,0,74948.03
43264,201116,1,1,83819.02
10356,201116,1,0,113092.95
43926,201116,1,0,71949.97
26934,201116,1,0,154325.94
39942,201116,1,0,83428.016
36908,201116,1,0,82007.01
33350,201116,1,0,75508.99
16596,201116,1,0,97947.0
23136,201116,1,0,89334.04
38878,201116,1,1,105382.96
39096,201116,1,1,106399.984
7720,201117,0,1,99657.99
26634,201117,0,0,111422.04
37798,201117,0,0,51579.01
6278,201117,0,1,90908.016
42632,201117,0,1,86618.97
36314,201117,0,0,73974.97
29172,201117,0,1,87719.02
42634,201117,0,0,81282.96
13980,201117,0,0,121724.04
17160,201117,0,1,72844.97
37292,201117,0,1,136003.06
31888,201117,0,1,79687.016
15444,201117,0,0,43637.992
38862,201117,0,0,47491.99
33278,201117,0,1,55821.027
40456,201117,0,0,120552.95
43570,201117,0,1,64937.008
40336,201117,0,0,81673.97
45254,201117,0,1,79050.0
33354,201117,0,1,70020.99
28190,201117,0,0,90693.01
36288,201117,0,0,52984.02
27704,201117,0,0,135019.98
32320,201117,0,0,107713.04
44282,201117,0,1,83053.0
39164,201117,0,0,75499.99
19470,201117,0,0,118608.02
40008,201117,0,0,97062.04
35822,201117,0,0,71959.99
43258,201117,0,1,80999.98
16424,201117,0,1,61604.023
8834,201117,0,0,138739.98
31136,201117,0,1,80575.99
33128,201117,0,0,80840.0
39144,201117,0,1,92685.99
25864,201117,0,0,78808.0
40162,201117,0,0,81574.016
28224,201117,0,0,106554.02
39458,201117,0,1,75466.016
42152,201117,0,0,45896.984
39466,201117,0,0,80720.98
36032,201117,1,0,54166.01
21654,201117,1,0,142290.0
40472,201117,1,0,112692.984
42108,201117,1,1,76922.016
38712,201117,1,0,95217.016
22284,201117,1,0,87105.98
23136,201117,1,0,117437.016
42592,201117,1,0,69590.01
14048,201117,1,1,101639.95
31292,201117,1,1,84381.016
41286,201117,1,0,40670.0
40490,201117,1,1,98757.016
4122,201117,1,1,140903.98
26328,201117,1,0,50393.99
38290,201117,1,0,94312.01
8854,201117,1,0,137022.95
25962,201117,1,0,87655.98
40328,201117,1,0,87011.99
40322,201117,1,0,79910.0
14522,201117,1,0,75881.99
23228,201117,1,0,103258.96
35344,201117,1,0,90886.0
40192,201117,1,1,80424.984
37294,201117,1,0,125424.95
26934,201117,1,0,141988.94
33350,201117,1,0,68465.01
38566,201117,1,1,112634.0
38878,201117,1,1,102603.04
10356,201117,1,0,88643.99
44266,201117,1,0,72720.03
39634,201117,1,0,92558.97
42628,201117,1,1,75924.99
25638,201117,1,0,90709.01
38580,201117,1,1,140840.98
23772,201117,1,0,97856.99
44408,201117,1,1,95155.016
14528,201117,1,0,100253.01
43264,201117,1,1,87227.016
36908,201117,1,0,76586.04
43534,201117,1,1,61525.992
38898,201117,1,0,72021.984
16514,201117,1,0,53200.016
30014,201117,1,0,74637.97
38038,201117,1,0,78380.99
12974,201117,1,0,136723.0
25520,201117,1,0,77247.016
39990,201117,1,0,56997.992
39096,201117,1,1,118222.03
16596,201117,1,0,98575.03
16424,201118,0,1,34744.984
42152,201118,0,0,43457.996
25864,201118,0,0,98192.04
37292,201118,0,1,48281.99
29172,201118,0,1,57731.992
28190,201118,0,0,42968.004
15444,201118,0,0,54139.0
42634,201118,0,0,75944.03
17160,201118,0,1,70257.984
42632,201118,0,1,59251.977
39466,201118,0,0,83486.99
27704,201118,0,0,62176.008
37798,201118,0,0,45807.996
40336,201118,0,0,69727.99
19470,201118,0,0,55660.01
6278,201118,0,1,91818.97
39144,201118,0,1,84711.03
43570,201118,0,1,50847.004
43258,201118,0,1,80488.98
39458,201118,0,1,70630.98
26634,201118,0,0,83163.96
44282,201118,0,1,57353.016
33278,201118,0,1,79278.984
35822,201118,0,0,16873.0
38862,201118,0,0,77026.99
7720,201118,0,1,79134.02
40162,201118,0,0,63257.008
13980,201118,0,0,76817.99
32320,201118,0,0,116784.99
40456,201118,0,0,71550.98
36314,201118,0,0,87596.98
33128,201118,0,0,84703.03
39164,201118,0,0,85481.01
31888,201118,0,1,83784.02
36288,201118,0,0,61545.008
28224,201118,0,0,71921.02
40008,201118,0,0,55320.004
8834,201118,0,0,99175.98
33354,201118,0,1,87772.0
31136,201118,0,1,47684.004
23228,201118,1,0,51711.008
16514,201118,1,0,88567.016
33350,201118,1,0,44003.992
14528,201118,1,0,78542.016
23772,201118,1,0,83798.01
35344,201118,1,0,59952.02
16596,201118,1,0,79322.016
39096,201118,1,1,60598.004
12974,201118,1,0,95948.984
38580,201118,1,1,75144.99
36908,201118,1,0,63613.027
38290,201118,1,0,95981.016
40490,201118,1,1,61287.996
43534,201118,1,1,83898.04
42628,201118,1,1,79906.03
38566,201118,1,1,81597.984
10356,201118,1,0,67943.02
40328,201118,1,0,92400.04
8854,201118,1,0,97300.97
40192,201118,1,1,55882.016
22284,201118,1,0,72125.984
40472,201118,1,0,72270.99
23136,201118,1,0,73694.016
31292,201118,1,1,64847.023
39942,201118,1,0,23636.988
44266,201118,1,0,37537.99
41286,201118,1,0,72512.97
39990,201118,1,0,63438.973
37294,201118,1,0,80720.98
40322,201118,1,0,92573.01
44408,201118,1,1,86500.016
40316,201118,1,0,92153.02
42592,201118,1,0,48482.008
42108,201118,1,1,87141.04
30014,201118,1,0,74193.99
21654,201118,1,0,94147.02
38878,201118,1,1,100314.03
31936,201118,1,0,70057.0
25520,201118,1,0,46140.996
26934,201118,1,0,62385.973
25638,201118,1,0,77079.97
38038,201118,1,0,62374.016
43264,201118,1,1,68886.984
14522,201118,1,0,73240.01
36032,201118,1,0,56861.01
38898,201118,1,0,87074.0
26328,201118,1,0,33977.004
4122,201118,1,1,94044.99
25962,201118,1,0,67162.99
14048,201118,1,1,89565.99
39164,201119,0,0,68009.99
42632,201119,0,1,88491.96
28224,201119,0,0,82343.99
27704,201119,0,0,46909.02
29172,201119,0,1,82862.97
13980,201119,0,0,82249.02
19470,201119,0,0,90869.97
25864,201119,0,0,94105.01
37798,201119,0,0,50171.008
8834,201119,0,0,111713.04
45254,201119,0,1,52140.992
32320,201119,0,0,93816.02
40456,201119,0,0,84462.01
17160,201119,0,1,65237.992
39466,201119,0,0,62314.977
26634,201119,0,0,72846.984
39458,201119,0,1,47274.992
39144,201119,0,1,87952.984
33128,201119,0,0,76190.03
42152,201119,0,0,77218.0
44282,201119,0,1,19003.0
15444,201119,0,0,23767.006
33354,201119,0,1,90599.99
31136,201119,0,1,94702.99
42634,201119,0,0,74165.98
45442,201119,0,0,55407.016
38862,201119,0,0,62406.977
44800,201119,0,0,54777.02
43258,201119,0,1,69552.99
37292,201119,0,1,84127.02
35822,201119,0,0,47754.996
36288,201119,0,0,65498.01
16424,201119,0,1,58131.99
40336,201119,0,0,14397.997
36314,201119,0,0,92267.96
28190,201119,0,0,41675.02
43570,201119,0,1,59488.99
31888,201119,0,1,91484.984
40008,201119,0,0,78857.016
33278,201119,0,1,54305.973
40162,201119,0,0,64087.99
40328,201119,1,0,70203.0
38038,201119,1,0,66996.984
23136,201119,1,0,74108.99
16596,201119,1,0,95708.99
22284,201119,1,0,66591.984
25638,201119,1,0,67709.97
38878,201119,1,1,85810.99
10356,201119,1,0,67010.98
26934,201119,1,0,95011.016
42628,201119,1,1,83320.04
40490,201119,1,1,75989.02
21654,201119,1,0,101814.97
26328,201119,1,0,34281.0
40322,201119,1,0,95337.05
39096,201119,1,1,85177.97
38712,201119,1,0,59689.023
39942,201119,1,0,63727.973
42624,201119,1,1,38094.016
38580,201119,1,1,62674.0
38566,201119,1,1,92628.99
30014,201119,1,0,75176.03
43926,201119,1,0,47437.984
42592,201119,1,0,55748.992
23228,201119,1,0,68469.97
41286,201119,1,0,48196.008
24608,201119,1,0,66769.02
16514,201119,1,0,101326.96
44784,201119,1,0,66178.0
39634,201119,1,0,93811.016
36032,201119,1,0,58469.98
38290,201119,1,0,80728.984
42108,201119,1,1,99385.03
31292,201119,1,1,93496.0
38898,201119,1,0,79091.02
12974,201119,1,0,107872.99
14528,201119,1,0,79092.984
43534,201119,1,1,83022.99
44782,201119,1,0,77912.96
23772,201119,1,0,83744.0
25520,201119,1,0,47958.0
36908,201119,1,0,61180.02
37294,201119,1,0,96007.016
39990,201119,1,0,58086.992
44408,201119,1,1,79502.03
40316,201119,1,0,80652.03
25962,201119,1,0,77137.04
8854,201119,1,0,105214.96
14522,201119,1,0,76330.03
31936,201119,1,0,95567.99
4122,201119,1,1,111307.016
14048,201119,1,1,95333.05
40192,201119,1,1,73744.0
35344,201119,1,0,86290.984
13980,201120,0,0,88715.04
43258,201120,0,1,69859.98
28224,201120,0,0,94326.04
32320,201120,0,0,82055.98
26634,201120,0,0,107412.99
38862,201120,0,0,74168.03
45442,201120,0,0,57276.984
31136,201120,0,1,66816.984
36288,201120,0,0,59748.027
39164,201120,0,0,68734.016
37798,201120,0,0,67022.99
39466,201120,0,0,80680.03
25864,201120,0,0,94698.02
43570,201120,0,1,54324.984
40008,201120,0,0,112742.97
44282,201120,0,1,80253.98
33278,201120,0,1,77044.99
42632,201120,0,1,77755.01
8834,201120,0,0,124302.99
40456,201120,0,0,98837.01
6278,201120,0,1,119827.055
19470,201120,0,0,90991.98
42152,201120,0,0,67577.016
37292,201120,0,1,80292.02
7720,201120,0,1,87213.04
33354,201120,0,1,66996.984
31888,201120,0,1,81679.03
39458,201120,0,1,53562.996
17160,201120,0,1,89031.01
44800,201120,0,0,69401.984
40162,201120,0,0,81269.01
39144,201120,0,1,85235.984
29172,201120,0,1,69750.01
35822,201120,0,0,42010.01
15444,201120,0,0,106115.03
36314,201120,0,0,87599.984
10356,201120,1,0,96745.984
4122,201120,1,1,110367.01
14522,201120,1,0,71496.0
16514,201120,1,0,72195.97
8854,201120,1,0,96389.03
40328,201120,1,0,72220.97
39634,201120,1,0,121992.95
25520,201120,1,0,11040.001
25962,201120,1,0,55614.008
39990,201120,1,0,75238.0
23228,201120,1,0,127318.0
40322,201120,1,0,72393.016
40192,201120,1,1,66105.02
40316,201120,1,0,84600.984
44784,201120,1,0,59796.023
31936,201120,1,0,86439.984
35344,201120,1,0,69528.984
40472,201120,1,0,100664.98
31292,201120,1,1,83899.0
43534,201120,1,1,83326.0
44266,201120,1,0,60439.98
23136,201120,1,0,50442.984
38712,201120,1,0,77069.02
12974,201120,1,0,108735.02
42628,201120,1,1,87487.02
40490,201120,1,1,67812.01
43926,201120,1,0,51898.004
26328,201120,1,0,37968.992
21654,201120,1,0,109760.0
14528,201120,1,0,99829.02
39942,201120,1,0,33857.004
24608,201120,1,0,66644.016
16596,201120,1,0,62416.977
23772,201120,1,0,85179.02
42624,201120,1,1,65203.973
44782,201120,1,0,77698.0
37294,201120,1,0,102521.95
42592,201120,1,0,77379.0
44408,201120,1,1,81381.01
26934,201120,1,0,100001.016
38580,201120,1,1,107320.016
14048,201120,1,1,76839.016
38898,201120,1,0,75511.01
39096,201120,1,1,103100.05
42108,201120,1,1,89957.97
36032,201120,1,0,61953.99
38878,201120,1,1,107255.97
25638,201120,1,0,90852.03
38566,201120,1,1,110607.99
30014,201120,1,0,76387.99
41286,201120,1,0,67923.01
22284,201120,1,0,12669.005
38038,201120,1,0,65567.01
43264,201120,1,1,88900.01
38290,201120,1,0,94520.01
37798,201121,0,0,42557.008
8834,201121,0,0,130645.016
35822,201121,0,0,41611.0
17160,201121,0,1,62204.004
28190,201121,0,0,10158.002
43570,201121,0,1,52746.008
38862,201121,0,0,33330.984
31888,201121,0,1,74563.98
33278,201121,0,1,81103.016
40456,201121,0,0,73112.016
39458,201121,0,1,56834.016
43258,201121,0,1,70116.016
44282,201121,0,1,81723.99
33354,201121,0,1,70277.016
31136,201121,0,1,47943.004
19470,201121,0,0,93704.97
32320,201121,0,0,98632.02
37292,201121,0,1,66975.01
36288,201121,0,0,75056.97
39144,201121,0,1,67013.984
7720,201121,0,1,61041.023
33128,201121,0,0,94711.03
42152,201121,0,0,75326.016
25864,201121,0,0,113992.016
40336,201121,0,0,20695.008
26634,201121,0,0,49337.016
15444,201121,0,0,78445.0
27704,201121,0,0,68910.97
39164,201121,0,0,74392.02
29172,201121,0,1,72105.97
36314,201121,0,0,66226.99
42632,201121,0,1,86068.016
39466,201121,0,0,58788.016
40162,201121,0,0,80831.984
28224,201121,0,0,72625.984
45254,201121,0,1,68501.97
40008,201121,0,0,61691.977
42634,201121,0,0,73253.98
45442,201121,0,0,52479.977
6278,201121,0,1,80604.97
25520,201121,1,0,51132.008
38712,201121,1,0,99351.01
12974,201121,1,0,98971.984
24608,201121,1,0,61897.0
43534,201121,1,1,84563.96
26328,201121,1,0,45940.996
42592,201121,1,0,82441.03
38038,201121,1,0,58878.01
43926,201121,1,0,34499.99
42628,201121,1,1,87474.01
40192,201121,1,1,54831.008
40328,201121,1,0,83224.98
39634,201121,1,0,118486.945
40322,201121,1,0,91895.01
38898,201121,1,0,55852.02
23228,201121,1,0,84404.03
40490,201121,1,1,112682.99
31292,201121,1,1,101325.99
44782,201121,1,0,74337.98
40472,201121,1,0,87652.96
39096,201121,1,1,108779.0
44784,201121,1,0,61654.98
14528,201121,1,0,73513.97
14522,201121,1,0,72191.016
23136,201121,1,0,43011.992
36908,201121,1,0,72484.0
39990,201121,1,0,55910.0
44266,201121,1,0,64735.0
40316,201121,1,0,76143.98
42624,201121,1,1,68986.984
41286,201121,1,0,86437.016
21654,201121,1,0,106735.98
36032,201121,1,0,59573.977
42108,201121,1,1,64468.973
8854,201121,1,0,99073.98
16596,201121,1,0,71163.016
44408,201121,1,1,58326.016
38566,201121,1,1,93293.99
10356,201121,1,0,65540.0
16514,201121,1,0,84459.02
39942,201121,1,0,60170.996
38878,201121,1,1,72733.98
25962,201121,1,0,77176.03
31936,201121,1,0,93392.0
38290,201121,1,0,98368.99
43264,201121,1,1,72118.0
25638,201121,1,0,50278.01
35344,201121,1,0,81532.02
4122,201121,1,1,101827.01
30014,201121,1,0,74027.97
38580,201121,1,1,113512.96
22284,201121,1,0,80464.04
37294,201121,1,0,80083.02
14048,201121,1,1,81838.016
33350,201121,1,0,76051.01
28224,201122,0,0,77573.02
39458,201122,0,1,75683.97
7720,201122,0,1,69550.01
27704,201122,0,0,117760.01
8834,201122,0,0,93290.97
40008,201122,0,0,50689.02
40456,201122,0,0,85219.0
39164,201122,0,0,58159.992
39466,201122,0,0,70739.98
32320,201122,0,0,114149.98
36314,201122,0,0,93207.02
15444,201122,0,0,70602.016
42152,201122,0,0,51648.023
31888,201122,0,1,77079.97
42634,201122,0,0,72172.98
35822,201122,0,0,55082.0
44282,201122,0,1,81926.02
25864,201122,0,0,77033.97
13980,201122,0,0,74740.97
45442,201122,0,0,44743.016
43258,201122,0,1,63886.977
38862,201122,0,0,62227.023
45254,201122,0,1,63513.977
39144,201122,0,1,69160.03
33354,201122,0,1,87508.97
26634,201122,0,0,73944.01
17160,201122,0,1,62562.984
37292,201122,0,1,63915.01
42632,201122,0,1,82942.98
19470,201122,0,0,97615.95
37798,201122,0,0,33938.016
31136,201122,0,1,85514.03
43570,201122,0,1,59734.01
36288,201122,0,0,56378.984
29172,201122,0,1,49223.984
33278,201122,0,1,87362.96
28190,201122,0,0,65636.016
6278,201122,0,1,87124.01
33128,201122,0,0,72522.99
40162,201122,0,0,75341.03
16424,201122,0,1,29070.998
38878,201122,1,1,104645.96
8854,201122,1,0,96680.96
40490,201122,1,1,91033.99
36032,201122,1,0,54166.992
23136,201122,1,0,84418.04
39990,201122,1,0,33691.992
42108,201122,1,1,84407.01
40316,201122,1,0,84416.99
38566,201122,1,1,106471.04
40472,201122,1,0,72918.02
31292,201122,1,1,74185.01
42624,201122,1,1,91382.97
35344,201122,1,0,61255.973
42628,201122,1,1,70560.016
38038,201122,1,0,51934.992
39942,201122,1,0,62042.027
21654,201122,1,0,112936.02
23228,201122,1,0,86631.03
44782,201122,1,0,67342.0
38580,201122,1,1,131370.03
33350,201122,1,0,74430.98
25520,201122,1,0,38181.996
42592,201122,1,0,32444.994
43926,201122,1,0,44298.99
39096,201122,1,1,76460.0
30014,201122,1,0,69409.99
25962,201122,1,0,72180.0
25638,201122,1,0,93754.04
24608,201122,1,0,56868.984
40322,201122,1,0,74893.016
41286,201122,1,0,47711.98
39634,201122,1,0,83528.01
36908,201122,1,0,64522.977
38712,201122,1,0,81739.97
4122,201122,1,1,122349.01
44266,201122,1,0,75641.03
10356,201122,1,0,87632.984
12974,201122,1,0,101776.04
38898,201122,1,0,76005.984
14528,201122,1,0,67350.03
40328,201122,1,0,76725.01
23772,201122,1,0,69308.99
31936,201122,1,0,90196.01
43264,201122,1,1,92970.96
44784,201122,1,0,47430.023
38290,201122,1,0,86148.984
14048,201122,1,1,96731.04
37294,201122,1,0,107813.03
40192,201122,1,1,63170.016
44408,201122,1,1,81401.03
16514,201122,1,0,59732.016
14522,201122,1,0,77399.0
43534,201122,1,1,80193.0
26328,201122,1,0,33048.996
22284,201122,1,0,88378.016
16596,201122,1,0,72477.984
26634,201123,0,0,78404.016
28190,201123,0,0,61595.973
40008,201123,0,0,66325.02
15444,201123,0,0,74451.0
33354,201123,0,1,62468.01
44800,201123,0,0,51994.01
17160,201123,0,1,59265.992
42152,201123,0,0,56990.004
36288,201123,0,0,57615.004
35822,201123,0,0,61106.023
37292,201123,0,1,59705.99
43258,201123,0,1,71410.0
31888,201123,0,1,75230.97
32320,201123,0,0,101686.01
39466,201123,0,0,51317.99
39144,201123,0,1,100724.03
28224,201123,0,0,77690.96
40162,201123,0,0,62697.016
8834,201123,0,0,79751.03
16424,201123,0,1,28720.996
6278,201123,0,1,74477.984
44282,201123,0,1,56680.996
37798,201123,0,0,65023.02
42634,201123,0,0,64073.016
40456,201123,0,0,79230.01
36314,201123,0,0,45759.008
25864,201123,0,0,87148.02
19470,201123,0,0,40432.008
39164,201123,0,0,69390.01
7720,201123,0,1,78007.016
45442,201123,0,0,53056.023
38862,201123,0,0,48709.977
45254,201123,0,1,57068.973
39458,201123,0,1,64411.02
33128,201123,0,0,80548.03
43570,201123,0,1,51813.984
29172,201123,0,1,83776.99
42632,201123,0,1,63531.0
27704,201123,0,0,84620.03
13980,201123,0,0,92667.96
33278,201123,0,1,64583.0
31136,201123,0,1,77577.984
38566,201123,1,1,95368.96
39942,201123,1,0,82345.01
42592,201123,1,0,45467.992
43926,201123,1,0,57688.02
40472,201123,1,0,68716.98
16514,201123,1,0,70321.0
8854,201123,1,0,84869.03
38038,201123,1,0,59969.977
38290,201123,1,0,91171.96
22284,201123,1,0,55627.004
16596,201123,1,0,73937.02
35344,201123,1,0,76433.98
33350,201123,1,0,66832.984
14522,201123,1,0,62204.004
26328,201123,1,0,41547.992
10356,201123,1,0,68629.02
42624,201123,1,1,85816.97
42108,201123,1,1,66386.03
39990,201123,1,0,64574.008
38712,201123,1,0,97366.97
31936,201123,1,0,65637.016
25520,201123,1,0,45252.992
14048,201123,1,1,74713.03
30014,201123,1,0,69359.97
40328,201123,1,0,87052.0
39096,201123,1,1,63486.0
44408,201123,1,1,66580.99
44266,201123,1,0,75619.03
38580,201123,1,1,86976.984
25638,201123,1,0,90231.97
36032,201123,1,0,58629.004
36908,201123,1,0,73971.016
24608,201123,1,0,52486.984
38898,201123,1,0,60369.008
39634,201123,1,0,93596.01
14528,201123,1,0,74316.01
21654,201123,1,0,86148.984
23772,201123,1,0,67711.97
23136,201123,1,0,74299.99
44784,201123,1,0,55993.99
40316,201123,1,0,73492.03
37294,201123,1,0,80439.02
42628,201123,1,1,95169.984
31292,201123,1,1,93172.984
12974,201123,1,0,85066.99
40192,201123,1,1,71346.97
40322,201123,1,0,65060.98
43534,201123,1,1,84935.02
25962,201123,1,0,71405.984
43264,201123,1,1,75121.99
38878,201123,1,1,96675.98
41286,201123,1,0,48826.996
40490,201123,1,1,65592.02
23228,201123,1,0,81646.01
4122,201123,1,1,64611.027
7720,201124,0,1,87879.04
44800,201124,0,0,28775.994
16424,201124,0,1,76356.02
36288,201124,0,0,79656.016
38862,201124,0,0,61983.004
44282,201124,0,1,66147.02
39144,201124,0,1,100703.96
8834,201124,0,0,70884.97
42632,201124,0,1,63290.016
42634,201124,0,0,69746.016
27704,201124,0,0,106913.95
35822,201124,0,0,58073.973
33128,201124,0,0,64686.99
33278,201124,0,1,82740.97
32320,201124,0,0,110001.016
31888,201124,0,1,70125.984
39458,201124,0,1,63152.97
45254,201124,0,1,59366.004
40162,201124,0,0,49104.984
36314,201124,0,0,78277.01
17160,201124,0,1,65616.99
13980,201124,0,0,88589.99
39164,201124,0,0,72826.984
28224,201124,0,0,82375.016
26634,201124,0,0,91486.03
28190,201124,0,0,67179.97
15444,201124,0,0,81658.0
43570,201124,0,1,61728.992
43258,201124,0,1,72358.984
42152,201124,0,0,71313.02
6278,201124,0,1,83407.97
19470,201124,0,0,105508.97
45442,201124,0,0,43917.0
40456,201124,0,0,91313.97
33354,201124,0,1,64312.016
37292,201124,0,1,83261.97
31136,201124,0,1,53499.996
29172,201124,0,1,80572.0
25864,201124,0,0,96903.98
37798,201124,0,0,70222.016
39466,201124,0,0,67620.016
40472,201124,1,0,77817.02
36032,201124,1,0,76633.016
26328,201124,1,0,43305.996
33350,201124,1,0,46507.984
38580,201124,1,1,104375.96
38878,201124,1,1,97463.03
38038,201124,1,0,50716.004
40316,201124,1,0,84775.04
25962,201124,1,0,66669.0
31292,201124,1,1,99284.05
21654,201124,1,0,99165.0
41286,201124,1,0,84583.0
38566,201124,1,1,97882.01
40192,201124,1,1,72316.01
39096,201124,1,1,84063.984
36908,201124,1,0,69766.97
44784,201124,1,0,49810.016
40322,201124,1,0,93840.99
35344,201124,1,0,83470.03
30014,201124,1,0,74360.03
25638,201124,1,0,76661.01
43264,201124,1,1,38557.98
42592,201124,1,0,52240.99
22284,201124,1,0,11702.999
43926,201124,1,0,53351.016
23228,201124,1,0,86632.02
44408,201124,1,1,67902.99
25520,201124,1,0,54081.98
14522,201124,1,0,46809.99
31936,201124,1,0,66521.016
16596,201124,1,0,77074.016
42628,201124,1,1,94377.96
39990,201124,1,0,59053.01
37294,201124,1,0,101475.016
44266,201124,1,0,83863.96
39634,201124,1,0,126512.02
42624,201124,1,1,77448.984
23772,201124,1,0,77021.99
16514,201124,1,0,50142.977
42108,201124,1,1,73522.03
4122,201124,1,1,102378.04
40490,201124,1,1,92889.96
40328,201124,1,0,86480.96
12974,201124,1,0,94839.016
38712,201124,1,0,105054.03
14048,201124,1,1,74061.016
14528,201124,1,0,80811.016
38898,201124,1,0,63679.977
23136,201124,1,0,82975.02
38290,201124,1,0,96780.03
44782,201124,1,0,51106.023
24608,201124,1,0,50056.02
43534,201124,1,1,87870.99
39942,201124,1,0,70900.99
10356,201124,1,0,72354.016
17160,201125,0,1,35547.0
45442,201125,0,0,50625.01
31888,201125,0,1,88823.99
27704,201125,0,0,71488.02
28190,201125,0,0,44181.992
7720,201125,0,1,71418.99
37292,201125,0,1,69308.0
19470,201125,0,0,56162.023
40336,201125,0,0,31186.012
35822,201125,0,0,51317.99
42632,201125,0,1,67464.01
39466,201125,0,0,55181.004
6278,201125,0,1,68459.0
33128,201125,0,0,44439.004
39164,201125,0,0,63634.992
32320,201125,0,0,45104.992
43258,201125,0,1,81641.03
28224,201125,0,0,87717.016
31136,201125,0,1,65222.008
43570,201125,0,1,48517.992
44800,201125,0,0,61889.973
39144,201125,0,1,84907.97
33278,201125,0,1,71638.984
40456,201125,0,0,94469.0
40162,201125,0,0,80218.016
44282,201125,0,1,60811.977
29172,201125,0,1,81442.03
25864,201125,0,0,101699.0
39458,201125,0,1,53559.98
15444,201125,0,0,78156.984
33354,201125,0,1,68148.02
45254,201125,0,1,78153.04
13980,201125,0,0,105824.984
8834,201125,0,0,80752.01
42152,201125,0,0,70802.01
36288,201125,0,0,43512.99
36314,201125,0,0,75483.0
38862,201125,0,0,69744.016
37798,201125,0,0,75475.01
16424,201125,0,1,46922.977
43534,201125,1,1,89470.03
14048,201125,1,1,70281.98
8854,201125,1,0,96639.016
10356,201125,1,0,75029.99
14522,201125,1,0,75153.016
24608,201125,1,0,53109.023
16596,201125,1,0,56806.0
42628,201125,1,1,87873.01
12974,201125,1,0,104493.984
39634,201125,1,0,107333.016
16514,201125,1,0,57567.004
41286,201125,1,0,88366.98
36908,201125,1,0,83531.03
38038,201125,1,0,19905.004
23228,201125,1,0,87433.98
30014,201125,1,0,47095.984
38290,201125,1,0,96955.0
39990,201125,1,0,67985.02
39096,201125,1,1,52102.023
42108,201125,1,1,94783.05
37294,201125,1,0,80681.03
38712,201125,1,0,78621.01
40322,201125,1,0,50323.008
26328,201125,1,0,42198.01
14528,201125,1,0,68889.02
44784,201125,1,0,62817.016
39942,201125,1,0,82933.016
44266,201125,1,0,80082.03
31936,201125,1,0,72887.984
25520,201125,1,0,40686.992
35344,201125,1,0,81104.016
21654,201125,1,0,78011.03
42624,201125,1,1,99125.95
40316,201125,1,0,78444.03
38580,201125,1,1,92500.02
44408,201125,1,1,74818.984
4122,201125,1,1,108752.03
40328,201125,1,0,64571.977
31292,201125,1,1,81837.0
38566,201125,1,1,60353.008
44782,201125,1,0,73742.03
25638,201125,1,0,48673.992
40472,201125,1,0,90854.02
22284,201125,1,0,75092.984
40490,201125,1,1,73124.984
23136,201125,1,0,85399.04
43264,201125,1,1,79471.03
25962,201125,1,0,73848.02
38878,201125,1,1,72352.016
23772,201125,1,0,73894.02
38898,201125,1,0,63564.027
40192,201125,1,1,72516.01
36032,201125,1,0,47680.0
42592,201125,1,0,57813.977
43926,201125,1,0,57257.977
28190,201126,0,0,26452.992
27704,201126,0,0,102311.96
33278,201126,0,1,68408.03
25864,201126,0,0,88776.984
28224,201126,0,0,79244.97
13980,201126,0,0,93616.01
15444,201126,0,0,104284.02
39144,201126,0,1,73497.01
43570,201126,0,1,9466.998
38862,201126,0,0,55940.99
29172,201126,0,1,57479.008
36288,201126,0,0,87700.96
33354,201126,0,1,74591.01
7720,201126,0,1,107648.96
31136,201126,0,1,52526.992
42634,201126,0,0,64462.023
42152,201126,0,0,84909.02
37292,201126,0,1,94714.01
44800,201126,0,0,72864.984
35822,201126,0,0,62364.973
19470,201126,0,0,105774.03
17160,201126,0,1,65693.0
42632,201126,0,1,85045.984
37798,201126,0,0,58824.973
45442,201126,0,0,49505.98
39458,201126,0,1,71357.99
45254,201126,0,1,77351.03
39466,201126,0,0,75212.03
6278,201126,0,1,107236.02
31888,201126,0,1,90170.98
40336,201126,0,0,59479.004
43258,201126,0,1,82042.984
39164,201126,0,0,72373.0
44282,201126,0,1,80806.01
16424,201126,0,1,76389.016
40162,201126,0,0,77834.016
36314,201126,0,0,87443.984
8834,201126,0,0,104226.95
40456,201126,0,0,89986.97
25638,201126,1,0,64703.027
14528,201126,1,0,88416.97
16596,201126,1,0,53263.984
43926,201126,1,0,51710.023
23136,201126,1,0,76482.03
23228,201126,1,0,116224.016
12974,201126,1,0,90020.016
39990,201126,1,0,62095.004
42628,201126,1,1,84447.99
40472,201126,1,0,101213.0
16514,201126,1,0,84513.01
39634,201126,1,0,119498.05
41286,201126,1,0,68215.0
40316,201126,1,0,75990.984
37294,201126,1,0,62680.996
36032,201126,1,0,86492.016
42592,201126,1,0,68372.02
40322,201126,1,0,89582.99
38566,201126,1,1,97477.99
40328,201126,1,0,81409.02
44782,201126,1,0,69578.0
31292,201126,1,1,95402.984
39096,201126,1,1,83244.03
38038,201126,1,0,60371.023
44784,201126,1,0,57276.984
33350,201126,1,0,32499.002
21654,201126,1,0,108946.04
26328,201126,1,0,39501.996
8854,201126,1,0,62836.008
39942,201126,1,0,80131.0
36908,201126,1,0,66492.984
38712,201126,1,0,76499.97
10356,201126,1,0,74701.984
38878,201126,1,1,76407.01
44266,201126,1,0,72477.984
31936,201126,1,0,73638.02
44408,201126,1,1,74850.03
40490,201126,1,1,93469.97
25520,201126,1,0,50981.99
14522,201126,1,0,48705.008
43264,201126,1,1,113876.95
38290,201126,1,0,81511.03
35344,201126,1,0,87770.99
42108,201126,1,1,63311.023
43534,201126,1,1,86265.97
23772,201126,1,0,70828.01
40192,201126,1,1,51832.023
25962,201126,1,0,75761.016
30014,201126,1,0,78488.03
38898,201126,1,0,79568.02
22284,201126,1,0,69695.016
4122,201126,1,1,88391.0
14048,201126,1,1,90677.01
24608,201126,1,0,60211.984
42624,201126,1,1,90139.0
38580,201126,1,1,70075.98
27704,201127,0,0,141529.95
8834,201127,0,0,122307.945
39164,201127,0,0,54510.984
39458,201127,0,1,77565.04
37292,201127,0,1,99839.02
39466,201127,0,0,78480.02
7720,201127,0,1,91944.97
36288,201127,0,0,76485.97
33278,201127,0,1,80552.02
37798,201127,0,0,74130.98
40162,201127,0,0,59106.99
45442,201127,0,0,68994.02
6278,201127,0,1,111298.945
42634,201127,0,0,36640.004
39144,201127,0,1,61204.004
25864,201127,0,0,46012.992
42632,201127,0,1,59573.01
43258,201127,0,1,79370.98
13980,201127,0,0,121834.945
44282,201127,0,1,63747.973
35822,201127,0,0,93072.01
15444,201127,0,0,95718.03
33354,201127,0,1,88051.016
38862,201127,0,0,74740.97
17160,201127,0,1,73776.01
28224,201127,0,0,77866.016
31888,201127,0,1,92782.03
36314,201127,0,0,86447.98
40336,201127,0,0,47027.99
19470,201127,0,0,79910.0
29172,201127,0,1,77642.01
40456,201127,0,0,109882.96
44800,201127,0,0,97004.02
45254,201127,0,1,74916.016
42152,201127,0,0,72858.03
28190,201127,0,0,28879.998
16424,201127,0,1,59070.977
43570,201127,0,1,72985.99
38898,201127,1,0,77567.03
36908,201127,1,0,65018.99
40322,201127,1,0,55703.023
25962,201127,1,0,82939.02
23772,201127,1,0,84112.02
38878,201127,1,1,95987.98
35344,201127,1,0,101218.984
39942,201127,1,0,11819.999
14048,201127,1,1,77280.03
16596,201127,1,0,73439.97
31936,201127,1,0,79151.01
41286,201127,1,0,63925.008
21654,201127,1,0,122340.02
39634,201127,1,0,105670.99
25520,201127,1,0,77224.99
10356,201127,1,0,47284.01
42108,201127,1,1,78478.0
38290,201127,1,0,82944.01
42592,201127,1,0,57458.02
8854,201127,1,0,116465.01
39990,201127,1,0,32726.012
38712,201127,1,0,87405.96
14522,201127,1,0,44721.004
39096,201127,1,1,90608.98
40192,201127,1,1,72786.984
22284,201127,1,0,101677.95
12974,201127,1,0,110531.016
40490,201127,1,1,82624.03
44784,201127,1,0,79468.984
44782,201127,1,0,93985.01
25638,201127,1,0,70997.01
38580,201127,1,1,115823.02
43926,201127,1,0,48524.98
14528,201127,1,0,92987.016
38038,201127,1,0,100871.01
26328,201127,1,0,59302.004
36032,201127,1,0,69270.99
31292,201127,1,1,82287.0
40472,201127,1,0,112288.97
37294,201127,1,0,119247.02
4122,201127,1,1,99807.04
40316,201127,1,0,81498.984
23228,201127,1,0,111604.95
43534,201127,1,1,82493.016
30014,201127,1,0,79155.99
23136,201127,1,0,97612.05
42624,201127,1,1,78370.98
44408,201127,1,1,74584.03
43264,201127,1,1,104394.98
24608,201127,1,0,72707.97
42628,201127,1,1,79670.0
38566,201127,1,1,112614.02
16514,201127,1,0,87492.03
40328,201127,1,0,67425.02
39458,201128,0,1,73786.0
19470,201128,0,0,127115.99
17160,201128,0,1,84603.98
36288,201128,0,0,74622.02
40336,201128,0,0,69617.03
45442,201128,0,0,67436.02
33354,201128,0,1,90768.98
43570,201128,0,1,85929.984
44282,201128,0,1,66335.02
42634,201128,0,0,66906.0
28190,201128,0,0,68886.984
36314,201128,0,0,81571.99
38862,201128,0,0,27123.004
15444,201128,0,0,104774.984
13980,201128,0,0,180527.03
7720,201128,0,1,93986.98
42152,201128,0,0,65873.99
37798,201128,0,0,30756.0
27704,201128,0,0,128615.99
39466,201128,0,0,58760.996
40456,201128,0,0,134744.97
45254,201128,0,1,74439.99
31888,201128,0,1,94783.05
42632,201128,0,1,71949.01
28224,201128,0,0,124259.016
8834,201128,0,0,155094.94
33278,201128,0,1,88886.016
16424,201128,0,1,59416.98
29172,201128,0,1,79095.02
25864,201128,0,0,90226.98
37292,201128,0,1,134238.97
40162,201128,0,0,85054.016
39144,201128,0,1,80002.03
35822,201128,0,0,70012.984
44800,201128,0,0,89228.97
39164,201128,0,0,65191.97
42624,201128,1,1,86429.02
26328,201128,1,0,56028.977
41286,201128,1,0,66033.0
40322,201128,1,0,80200.04
31936,201128,1,0,75071.0
38878,201128,1,1,90878.98
14048,201128,1,1,75730.03
44266,201128,1,0,79041.03
40490,201128,1,1,57847.01
43264,201128,1,1,71264.01
40328,201128,1,0,64057.984
12974,201128,1,0,76859.98
38290,201128,1,0,91311.97
44782,201128,1,0,83520.99
24608,201128,1,0,86810.99
22284,201128,1,0,109264.02
44784,201128,1,0,80144.984
40192,201128,1,1,52896.977
31292,201128,1,1,88892.04
23228,201128,1,0,97395.016
38566,201128,1,1,68517.0
42592,201128,1,0,51512.992
43534,201128,1,1,89247.016
37294,201128,1,0,49059.02
25520,201128,1,0,67298.02
33350,201128,1,0,77782.97
38712,201128,1,0,96519.0
36908,201128,1,0,65149.023
40472,201128,1,0,138105.02
16596,201128,1,0,66141.98
4122,201128,1,1,130722.03
36032,201128,1,0,69425.02
21654,201128,1,0,150259.97
14528,201128,1,0,97674.99
39096,201128,1,1,109599.96
40316,201128,1,0,90946.0
16514,201128,1,0,67527.02
8854,201128,1,0,143752.97
44408,201128,1,1,84188.984
25962,201128,1,0,103705.03
39990,201128,1,0,96159.03
38898,201128,1,0,65920.0
23772,201128,1,0,98477.03
25638,201128,1,0,72704.016
10356,201128,1,0,119357.05
43926,201128,1,0,57690.992
38038,201128,1,0,104987.03
35344,201128,1,0,72791.984
39634,201128,1,0,84693.984
42628,201128,1,1,84160.97
42108,201128,1,1,83353.98
23136,201128,1,0,20792.002
38580,201128,1,1,101093.95
30014,201128,1,0,103874.984
43570,201129,0,1,48602.0
36314,201129,0,0,76963.03
39458,201129,0,1,71973.99
19470,201129,0,0,125958.97
45254,201129,0,1,65383.992
33354,201129,0,1,92341.02
36288,201129,0,0,75959.03
39164,201129,0,0,44246.0
39466,201129,0,0,72401.02
33278,201129,0,1,80144.984
35822,201129,0,0,54941.977
27704,201129,0,0,72055.99
40336,201129,0,0,75071.0
39144,201129,0,1,81024.0
25864,201129,0,0,103405.01
6278,201129,0,1,103587.01
16424,201129,0,1,53256.008
40456,201129,0,0,115343.97
29172,201129,0,1,73885.0
40162,201129,0,0,66517.98
37292,201129,0,1,126237.96
17160,201129,0,1,62329.0
43258,201129,0,1,80901.01
15444,201129,0,0,101339.04
8834,201129,0,0,146613.97
33128,201129,0,0,70264.016
38862,201129,0,0,33889.984
44282,201129,0,1,60710.977
28224,201129,0,0,107231.016
44800,201129,0,0,53870.98
28190,201129,0,0,79499.0
45442,201129,0,0,74599.97
13980,201129,0,0,145438.05
7720,201129,0,1,88557.98
31888,201129,0,1,93562.01
37798,201129,0,0,75427.016
42152,201129,0,0,79709.97
24608,201129,1,0,74042.016
38580,201129,1,1,87209.96
14048,201129,1,1,95769.984
8854,201129,1,0,105231.016
43534,201129,1,1,79514.016
40322,201129,1,0,97914.03
39990,201129,1,0,87030.0
40316,201129,1,0,92390.0
42108,201129,1,1,81641.03
22284,201129,1,0,91215.01
42628,201129,1,1,62606.973
42592,201129,1,0,56248.0
10356,201129,1,0,101260.016
41286,201129,1,0,63647.01
16514,201129,1,0,72673.03
36032,201129,1,0,78911.03
35344,201129,1,0,79237.03
21654,201129,1,0,148293.97
37294,201129,1,0,106555.96
31936,201129,1,0,74912.016
25520,201129,1,0,54323.016
40472,201129,1,0,105957.984
40328,201129,1,0,50358.004
23772,201129,1,0,91949.97
12974,201129,1,0,130674.05
40192,201129,1,1,80907.02
42624,201129,1,1,83790.016
38290,201129,1,0,89763.01
25638,201129,1,0,67544.99
44408,201129,1,1,78531.01
23228,201129,1,0,98242.99
44782,201129,1,0,104029.04
44266,201129,1,0,74229.02
39096,201129,1,1,69866.98
30014,201129,1,0,99429.97
33350,201129,1,0,74488.0
14528,201129,1,0,88700.99
43264,201129,1,1,88312.98
23136,201129,1,0,107764.0
38038,201129,1,0,81012.02
38878,201129,1,1,93289.99
25962,201129,1,0,105207.03
44784,201129,1,0,72166.02
38566,201129,1,1,124472.03
38898,201129,1,0,54037.023
16596,201129,1,0,91993.04
43926,201129,1,0,86559.02
26328,201129,1,0,43220.01
38712,201129,1,0,92098.99
14522,201129,1,0,78982.03
39634,201129,1,0,109299.98
4122,201129,1,1,135848.03
31292,201129,1,1,75175.02
28190,201130,0,0,76165.984
6278,201130,0,1,108676.97
17160,201130,0,1,89588.03
7720,201130,0,1,88731.02
28224,201130,0,0,85295.02
43258,201130,0,1,77209.016
40336,201130,0,0,67333.98
39144,201130,0,1,85167.98
8834,201130,0,0,140544.98
33278,201130,0,1,96520.016
36314,201130,0,0,71801.02
31136,201130,0,1,72021.984
33128,201130,0,0,70566.01
39458,201130,0,1,79818.98
37292,201130,0,1,114651.95
42152,201130,0,0,73590.01
29172,201130,0,1,81382.016
39164,201130,0,0,72185.984
38862,201130,0,0,37694.0
15444,201130,0,0,106897.03
40456,201130,0,0,95649.96
44282,201130,0,1,77815.016
40162,201130,0,0,79868.016
13980,201130,0,0,122709.97
31888,201130,0,1,95904.984
37798,201130,0,0,76938.96
45442,201130,0,0,72266.02
43570,201130,0,1,81962.984
42632,201130,0,1,71429.01
19470,201130,0,0,106618.984
33354,201130,0,1,98637.01
44800,201130,0,0,48607.008
25864,201130,0,0,92746.03
39466,201130,0,0,55319.0
16424,201130,0,1,71972.0
36288,201130,0,0,76396.01
35822,201130,0,0,20257.006
42634,201130,0,0,31199.012
45254,201130,0,1,63657.996
27704,201130,0,0,88765.984
14048,201130,1,1,105260.02
26328,201130,1,0,51730.0
10356,201130,1,0,95251.98
25520,201130,1,0,64586.016
4122,201130,1,1,114321.016
35344,201130,1,0,82477.99
38566,201130,1,1,130730.016
38712,201130,1,0,83892.04
38580,201130,1,1,83939.98
38290,201130,1,0,91229.016
21654,201130,1,0,118195.99
42592,201130,1,0,70417.03
44266,201130,1,0,78933.01
23136,201130,1,0,95867.03
39634,201130,1,0,104462.0
22284,201130,1,0,96739.984
39096,201130,1,1,87390.96
44784,201130,1,0,67262.99
43926,201130,1,0,70422.0
23228,201130,1,0,111925.04
30014,201130,1,0,100090.04
44408,201130,1,1,73010.984
25638,201130,1,0,58403.996
8854,201130,1,0,45104.992
14528,201130,1,0,96621.05
25962,201130,1,0,103310.97
23772,201130,1,0,110837.97
40322,201130,1,0,99290.01
40490,201130,1,1,114748.98
40472,201130,1,0,99351.01
42628,201130,1,1,80057.98
16514,201130,1,0,91413.04
42108,201130,1,1,92497.02
36032,201130,1,0,60933.016
38038,201130,1,0,77053.0
40316,201130,1,0,94129.96
38898,201130,1,0,68604.02
40328,201130,1,0,83343.0
12974,201130,1,0,102666.96
38878,201130,1,1,88556.04
43264,201130,1,1,88227.02
14522,201130,1,0,82771.04
39990,201130,1,0,72308.01
31292,201130,1,1,88294.02
40192,201130,1,1,89694.98
44782,201130,1,0,88867.96
16596,201130,1,0,89608.02
42624,201130,1,1,84598.97
31936,201130,1,0,78219.99
24608,201130,1,0,73175.01
37294,201130,1,0,104959.0
41286,201130,1,0,70167.99
40162,201131,0,0,87309.99
29172,201131,0,1,88830.0
45254,201131,0,1,74169.016
44282,201131,0,1,86832.02
38862,201131,0,0,21135.99
45442,201131,0,0,66957.0
7720,201131,0,1,118123.984
31136,201131,0,1,85753.97
39164,201131,0,0,74570.02
40456,201131,0,0,92948.0
33128,201131,0,0,72296.98
36288,201131,0,0,88809.0
44800,201131,0,0,91129.98
43570,201131,0,1,68947.98
37798,201131,0,0,67927.02
42632,201131,0,1,44539.984
40336,201131,0,0,46229.0
28224,201131,0,0,107526.04
43258,201131,0,1,79401.03
33278,201131,0,1,86153.99
8834,201131,0,0,133374.05
25864,201131,0,0,93340.0
33354,201131,0,1,98164.04
39466,201131,0,0,74493.97
13980,201131,0,0,122915.99
36314,201131,0,0,87686.99
37292,201131,0,1,135537.97
15444,201131,0,0,61889.973
27704,201131,0,0,100492.99
6278,201131,0,1,106510.95
19470,201131,0,0,113729.02
39144,201131,0,1,83305.02
17160,201131,0,1,74683.97
31888,201131,0,1,97451.04
16424,201131,0,1,85014.03
28190,201131,0,0,96072.96
39458,201131,0,1,87207.97
42152,201131,0,0,87302.99
44782,201131,1,0,84728.96
16514,201131,1,0,99700.016
25962,201131,1,0,89067.016
8854,201131,1,0,105964.05
14528,201131,1,0,107563.984
12974,201131,1,0,126494.05
40316,201131,1,0,105783.01
39096,201131,1,1,78769.98
40192,201131,1,1,39124.004
42624,201131,1,1,89176.99
40328,201131,1,0,85390.0
41286,201131,1,0,75522.02
38898,201131,1,0,83206.96
38878,201131,1,1,91388.98
25520,201131,1,0,47946.98
38290,201131,1,0,95861.0
43534,201131,1,1,58440.992
14048,201131,1,1,118036.04
16596,201131,1,0,108066.984
31292,201131,1,1,94527.04
24608,201131,1,0,67262.99
38038,201131,1,0,43806.99
42592,201131,1,0,73579.97
33350,201131,1,0,72492.016
39990,201131,1,0,76960.02
43264,201131,1,1,97840.01
40490,201131,1,1,78663.98
30014,201131,1,0,85426.98
37294,201131,1,0,110551.04
26328,201131,1,0,50995.992
44784,201131,1,0,63297.984
42108,201131,1,1,81790.03
10356,201131,1,0,80517.0
38566,201131,1,1,112516.01
14522,201131,1,0,81062.03
4122,201131,1,1,132184.0
38580,201131,1,1,121353.016
39634,201131,1,0,113694.97
44266,201131,1,0,56209.016
42628,201131,1,1,88731.96
40322,201131,1,0,103500.016
23772,201131,1,0,82656.97
23136,201131,1,0,112212.0
43926,201131,1,0,79363.02
38712,201131,1,0,94065.98
40472,201131,1,0,91703.98
23228,201131,1,0,123571.01
35344,201131,1,0,93375.98
21654,201131,1,0,119697.99
36032,201131,1,0,81935.01
44408,201131,1,1,79272.03
31936,201131,1,0,68641.984
25638,201131,1,0,51999.02
22284,201131,1,0,80792.984
13980,201132,0,0,106561.04
33278,201132,0,1,88964.04
7720,201132,0,1,92931.96
37292,201132,0,1,17503.996
8834,201132,0,0,129873.95
33128,201132,0,0,62141.984
29172,201132,0,1,87659.984
31136,201132,0,1,81392.02
39164,201132,0,0,76043.98
39458,201132,0,1,85679.99
19470,201132,0,0,129184.05
36288,201132,0,0,77942.984
43258,201132,0,1,72494.02
36314,201132,0,0,88378.016
44282,201132,0,1,78453.01
40162,201132,0,0,78123.01
37798,201132,0,0,62302.02
27704,201132,0,0,142262.05
40336,201132,0,0,84273.97
28190,201132,0,0,88184.97
15444,201132,0,0,112469.984
33354,201132,0,1,93622.97
39466,201132,0,0,67052.98
39144,201132,0,1,83612.96
31888,201132,0,1,77838.02
44800,201132,0,0,67925.984
40456,201132,0,0,108590.05
17160,201132,0,1,87232.01
43570,201132,0,1,61209.023
42152,201132,0,0,76865.99
45254,201132,0,1,59071.992
16424,201132,0,1,76076.98
6278,201132,0,1,71078.98
45442,201132,0,0,47351.02
28224,201132,0,0,100588.01
25864,201132,0,0,93220.98
39634,201132,1,0,110246.98
21654,201132,1,0,135593.05
33350,201132,1,0,84540.016
40322,201132,1,0,87697.03
36032,201132,1,0,77654.0
16514,201132,1,0,94924.98
14048,201132,1,1,101816.04
14528,201132,1,0,94479.0
39096,201132,1,1,67026.0
23772,201132,1,0,89341.03
38566,201132,1,1,131552.95
25638,201132,1,0,77798.02
42624,201132,1,1,79237.03
40490,201132,1,1,102134.05
40316,201132,1,0,99013.99
38878,201132,1,1,95895.016
41286,201132,1,0,60262.02
31936,201132,1,0,34583.0
43534,201132,1,1,80580.99
42108,201132,1,1,92435.03
25962,201132,1,0,85235.01
31292,201132,1,1,93251.03
38580,201132,1,1,102405.97
23136,201132,1,0,99815.03
38038,201132,1,0,60075.99
44782,201132,1,0,77851.016
8854,201132,1,0,119263.97
44408,201132,1,1,70931.02
37294,201132,1,0,127971.94
42592,201132,1,0,65022.027
42628,201132,1,1,88776.984
23228,201132,1,0,116263.04
38712,201132,1,0,51526.996
10356,201132,1,0,97833.01
30014,201132,1,0,82496.01
26328,201132,1,0,69505.98
4122,201132,1,1,105085.0
44784,201132,1,0,61710.98
40328,201132,1,0,54706.02
22284,201132,1,0,111779.96
16596,201132,1,0,90755.99
12974,201132,1,0,106470.02
43264,201132,1,1,96187.01
25520,201132,1,0,56048.0
35344,201132,1,0,82908.98
39990,201132,1,0,80717.98
38898,201132,1,0,73272.0
44266,201132,1,0,74977.984
38290,201132,1,0,94625.984
24608,201132,1,0,43133.008
40472,201132,1,0,113040.98
43926,201132,1,0,59761.99
43570,201133,0,1,42230.984
7720,201133,0,1,112842.04
29172,201133,0,1,83207.99
43258,201133,0,1,67169.98
13980,201133,0,0,142220.95
33128,201133,0,0,36525.99
39458,201133,0,1,79542.984
6278,201133,0,1,26522.004
19470,201133,0,0,111245.04
40162,201133,0,0,80353.99
44800,201133,0,0,70185.99
45254,201133,0,1,67133.984
39164,201133,0,0,66140.016
8834,201133,0,0,121334.04
25864,201133,0,0,75834.97
36288,201133,0,0,87801.97
36314,201133,0,0,96137.02
40336,201133,0,0,59934.01
37292,201133,0,1,113440.99
16424,201133,0,1,79234.99
31136,201133,0,1,84866.04
40456,201133,0,0,91257.03
28190,201133,0,0,78393.02
44282,201133,0,1,80825.97
42152,201133,0,0,66002.97
33354,201133,0,1,95415.99
39144,201133,0,1,87492.03
33278,201133,0,1,85657.03
31888,201133,0,1,92667.96
37798,201133,0,0,70810.984
28224,201133,0,0,84271.0
27704,201133,0,0,138949.06
15444,201133,0,0,113748.984
17160,201133,0,1,87306.99
45442,201133,0,0,45883.99
39466,201133,0,0,72516.01
23136,201133,1,0,89256.04
38712,201133,1,0,68280.99
41286,201133,1,0,70091.016
42108,201133,1,1,89828.0
24608,201133,1,0,61920.023
40328,201133,1,0,36373.004
25520,201133,1,0,41742.004
40316,201133,1,0,78257.98
12974,201133,1,0,132462.02
10356,201133,1,0,105843.96
35344,201133,1,0,83767.0
39634,201133,1,0,111061.97
31936,201133,1,0,89739.04
40472,201133,1,0,128907.02
42592,201133,1,0,69024.03
14048,201133,1,1,78586.0
40322,201133,1,0,101570.96
38566,201133,1,1,65864.01
44408,201133,1,1,71947.984
31292,201133,1,1,95522.98
16596,201133,1,0,92230.04
14522,201133,1,0,71443.99
42624,201133,1,1,80457.98
42628,201133,1,1,80529.98
21654,201133,1,0,132031.06
25962,201133,1,0,69071.97
38898,201133,1,0,64526.977
43534,201133,1,1,75990.984
4122,201133,1,1,112148.02
25638,201133,1,0,58275.977
44784,201133,1,0,66725.99
38290,201133,1,0,93361.99
43264,201133,1,1,86268.03
16514,201133,1,0,95837.96
39096,201133,1,1,84437.04
38878,201133,1,1,93424.96
43926,201133,1,0,45188.996
23772,201133,1,0,63857.008
26328,201133,1,0,41659.004
44266,201133,1,0,84193.96
22284,201133,1,0,104452.04
14528,201133,1,0,99942.95
37294,201133,1,0,106740.05
33350,201133,1,0,81650.99
38580,201133,1,1,131152.97
39990,201133,1,0,76583.99
38038,201133,1,0,70761.03
30014,201133,1,0,84548.96
8854,201133,1,0,136952.02
44782,201133,1,0,75289.03
40490,201133,1,1,103672.99
36032,201133,1,0,71824.03
23228,201133,1,0,114105.02
